LeagueYear,league_id,weekNum,roster_id,lookupID,starter,starter_points,array_index,label
2026,1316899756005412864,2,1,13168997560054128641,12508,0.8,1,"Jaxson Dart, QB (NYG)"
2026,1316899756005412864,2,1,13168997560054128641,12507,16.5,2,"Omarion Hampton, RB (LAC)"
2026,1316899756005412864,2,1,13168997560054128641,12529,13.6,3,"TreVeyon Henderson, RB (NE)"
2026,1316899756005412864,2,1,13168997560054128641,7547,35.2,4,"Amon-Ra St. Brown, WR (DET)"
2026,1316899756005412864,2,1,13168997560054128641,11632,1.1,5,"Malik Nabers, WR (NYG)"
2026,1316899756005412864,2,1,13168997560054128641,12526,15.1,6,"Tetairoa McMillan, WR (CAR)"
2026,1316899756005412864,2,1,13168997560054128641,12518,14.4,7,"Tyler Warren, TE (IND)"
2026,1316899756005412864,2,1,13168997560054128641,7526,21.8,8,"Jaylen Waddle, WR (DEN)"
2026,1316899756005412864,2,1,13168997560054128641,10236,22.5,9,"Dalton Kincaid, TE (BUF)"
2026,1316899756005412864,2,1,13168997560054128641,12713,8.0,10,"Andy Borregales, K (NE)"
2026,1316899756005412864,2,1,13168997560054128641,NE,22.0,11,"New England Patriots, DEF (NE)"
2026,1316899756005412864,2,10,131689975600541286410,12545,21.38,1,"Tyler Shough, QB (NO)"
2026,1316899756005412864,2,10,131689975600541286410,11510,0.1,2,"Hunter Luepke, FB (DAL)"
2026,1316899756005412864,2,10,131689975600541286410,12495,0.7,3,"Ollie Gordon, RB (MIA)"
2026,1316899756005412864,2,10,131689975600541286410,13294,1.9,4,"Makai Lemon, WR (PHI)"
2026,1316899756005412864,2,10,131689975600541286410,6819,0.0,5,"Michael Pittman, WR (PIT)"
2026,1316899756005412864,2,10,131689975600541286410,11626,8.4,6,"Xavier Legette, WR (CAR)"
2026,1316899756005412864,2,10,131689975600541286410,13421,4.0,7,"Eli Raridon, TE (NE)"
2026,1316899756005412864,2,10,131689975600541286410,8147,0.0,8,"John Metchie, WR (CAR)"
2026,1316899756005412864,2,10,131689975600541286410,7090,6.8,9,"Darnell Mooney, WR (NYG)"
2026,1316899756005412864,2,10,131689975600541286410,12711,5.0,10,"Tyler Loop, K (BAL)"
2026,1316899756005412864,2,10,131689975600541286410,NYJ,13.0,11,"New York Jets, DEF (NYJ)"
2026,1316899756005412864,2,11,131689975600541286411,12522,20.02,1,"Cam Ward, QB (TEN)"
2026,1316899756005412864,2,11,131689975600541286411,5967,7.5,2,"Tony Pollard, RB (TEN)"
2026,1316899756005412864,2,11,131689975600541286411,11571,0.0,3,"Isaiah Davis, RB (NYJ)"
2026,1316899756005412864,2,11,131689975600541286411,13320,3.4,4,"Zachariah Branch, WR (ATL)"
2026,1316899756005412864,2,11,131689975600541286411,8180,1.9,5,"Jalen Nailor, WR (LV)"
2026,1316899756005412864,2,11,131689975600541286411,6271,1.3,6,"Olamide Zaccheaus, WR (ATL)"
2026,1316899756005412864,2,11,131689975600541286411,12521,2.7,7,"Elijah Arroyo, TE (SEA)"
2026,1316899756005412864,2,11,131689975600541286411,11577,4.9,8,"Will Shipley, RB (PHI)"
2026,1316899756005412864,2,11,131689975600541286411,8208,4.9,9,"Tyler Badie, RB (DEN)"
2026,1316899756005412864,2,11,131689975600541286411,3451,6.0,10,"Ka'imi Fairbairn, K (HOU)"
2026,1316899756005412864,2,11,131689975600541286411,DAL,4.0,11,"Dallas Cowboys, DEF (DAL)"
2026,1316899756005412864,2,12,131689975600541286412,421,26.98,1,"Matthew Stafford, QB (LAR)"
2026,1316899756005412864,2,12,131689975600541286412,3198,17.7,2,"Derrick Henry, RB (BAL)"
2026,1316899756005412864,2,12,131689975600541286412,7611,2.6,3,"Rhamondre Stevenson, RB (NE)"
2026,1316899756005412864,2,12,131689975600541286412,7564,26.5,4,"Ja'Marr Chase, WR (CIN)"
2026,1316899756005412864,2,12,131689975600541286412,6786,35.3,5,"CeeDee Lamb, WR (DAL)"
2026,1316899756005412864,2,12,131689975600541286412,6794,8.5,6,"Justin Jefferson, WR (MIN)"
2026,1316899756005412864,2,12,131689975600541286412,4217,18.0,7,"George Kittle, TE (SF)"
2026,1316899756005412864,2,12,131689975600541286412,6801,14.5,8,"Tee Higgins, WR (CIN)"
2026,1316899756005412864,2,12,131689975600541286412,7021,6.4,9,"Rico Dowdle, RB (PIT)"
2026,1316899756005412864,2,12,131689975600541286412,7839,12.0,10,"Evan McPherson, K (CIN)"
2026,1316899756005412864,2,12,131689975600541286412,SEA,10.0,11,"Seattle Seahawks, DEF (SEA)"
2026,1316899756005412864,2,2,13168997560054128642,11566,13.74,1,"Jayden Daniels, QB (WAS)"
2026,1316899756005412864,2,2,13168997560054128642,6790,11.9,2,"D'Andre Swift, RB (CHI)"
2026,1316899756005412864,2,2,13168997560054128642,13286,4.0,3,"Jadarian Price, RB (SEA)"
2026,1316899756005412864,2,2,13168997560054128642,8126,1.9,4,"Wan'Dale Robinson, WR (TEN)"
2026,1316899756005412864,2,2,13168997560054128642,4037,8.8,5,"Chris Godwin, WR (TB)"
2026,1316899756005412864,2,2,13168997560054128642,9756,4.1,6,"Jordan Addison, WR (MIN)"
2026,1316899756005412864,2,2,13168997560054128642,5844,5.9,7,"T.J. Hockenson, TE (MIN)"
2026,1316899756005412864,2,2,13168997560054128642,11583,2.1,8,"Jonathon Brooks, RB (CAR)"
2026,1316899756005412864,2,2,13168997560054128642,8228,9.7,9,"Jaylen Warren, RB (PIT)"
2026,1316899756005412864,2,2,13168997560054128642,12015,3.0,10,"Harrison Mevis, K (LAR)"
2026,1316899756005412864,2,2,13168997560054128642,CHI,8.0,11,"Chicago Bears, DEF (CHI)"
2026,1316899756005412864,2,3,13168997560054128643,6770,16.18,1,"Joe Burrow, QB (CIN)"
2026,1316899756005412864,2,3,13168997560054128643,9221,23.3,2,"Jahmyr Gibbs, RB (DET)"
2026,1316899756005412864,2,3,13168997560054128643,12481,8.5,3,"Cam Skattebo, RB (NYG)"
2026,1316899756005412864,2,3,13168997560054128643,9488,42.5,4,"Jaxon Smith-Njigba, WR (SEA)"
2026,1316899756005412864,2,3,13168997560054128643,5045,5.5,5,"Courtland Sutton, WR (DEN)"
2026,1316899756005412864,2,3,13168997560054128643,7525,27.7,6,"DeVonta Smith, WR (PHI)"
2026,1316899756005412864,2,3,13168997560054128643,10859,17.2,7,"Sam LaPorta, TE (DET)"
2026,1316899756005412864,2,3,13168997560054128643,7594,14.4,8,"Chuba Hubbard, RB (CAR)"
2026,1316899756005412864,2,3,13168997560054128643,4199,10.5,9,"Aaron Jones, RB (MIN)"
2026,1316899756005412864,2,3,13168997560054128643,4227,16.0,10,"Harrison Butker, K (KC)"
2026,1316899756005412864,2,3,13168997560054128643,BAL,5.0,11,"Baltimore Ravens, DEF (BAL)"
2026,1316899756005412864,2,4,13168997560054128644,5854,21.4,1,"Drew Lock, QB (SEA)"
2026,1316899756005412864,2,4,13168997560054128644,8151,23.8,2,"Kenneth Walker, RB (KC)"
2026,1316899756005412864,2,4,13168997560054128644,8150,14.7,3,"Kyren Williams, RB (LAR)"
2026,1316899756005412864,2,4,13168997560054128644,8148,5.3,4,"Jameson Williams, WR (DET)"
2026,1316899756005412864,2,4,13168997560054128644,13346,20.5,5,"Denzel Boston, WR (CLE)"
2026,1316899756005412864,2,4,13168997560054128644,13285,5.0,6,"Malachi Fields, WR (NYG)"
2026,1316899756005412864,2,4,13168997560054128644,8130,18.1,7,"Trey McBride, TE (ARI)"
2026,1316899756005412864,2,4,13168997560054128644,4177,3.8,8,"Mack Hollins, WR (NE)"
2026,1316899756005412864,2,4,13168997560054128644,11603,7.9,9,"AJ Barner, TE (SEA)"
2026,1316899756005412864,2,4,13168997560054128644,2747,7.0,10,"Jason Myers, K (SEA)"
2026,1316899756005412864,2,4,13168997560054128644,SF,10.0,11,"San Francisco 49ers, DEF (SF)"
2026,1316899756005412864,2,5,13168997560054128645,8183,28.48,1,"Brock Purdy, QB (SF)"
2026,1316899756005412864,2,5,13168997560054128645,12527,10.3,2,"Ashton Jeanty, RB (LV)"
2026,1316899756005412864,2,5,13168997560054128645,13287,7.5,3,"Jeremiyah Love, RB (ARI)"
2026,1316899756005412864,2,5,13168997560054128645,9487,15.8,4,"Parker Washington, WR (JAX)"
2026,1316899756005412864,2,5,13168997560054128645,12514,10.3,5,"Emeka Egbuka, WR (TB)"
2026,1316899756005412864,2,5,13168997560054128645,11620,7.3,6,"Rome Odunze, WR (CHI)"
2026,1316899756005412864,2,5,13168997560054128645,9482,5.3,7,"Michael Mayer, TE (LV)"
2026,1316899756005412864,2,5,13168997560054128645,12490,14.2,8,"Bhayshul Tuten, RB (JAX)"
2026,1316899756005412864,2,5,13168997560054128645,11834,11.4,9,"Devaughn Vele, WR (NO)"
2026,1316899756005412864,2,5,13168997560054128645,13833,8.0,10,"Dominic Zvada, K (NYG)"
2026,1316899756005412864,2,5,13168997560054128645,TB,4.0,11,"Tampa Bay Buccaneers, DEF (TB)"
2026,1316899756005412864,2,6,13168997560054128646,4881,14.8,1,"Lamar Jackson, QB (BAL)"
2026,1316899756005412864,2,6,13168997560054128646,9509,11.1,2,"Bijan Robinson, RB (ATL)"
2026,1316899756005412864,2,6,13168997560054128646,8138,20.9,3,"James Cook, RB (BUF)"
2026,1316899756005412864,2,6,13168997560054128646,8112,8.9,4,"Drake London, WR (ATL)"
2026,1316899756005412864,2,6,13168997560054128646,10229,12.3,5,"Rashee Rice, WR (KC)"
2026,1316899756005412864,2,6,13168997560054128646,5846,6.7,6,"DK Metcalf, WR (PIT)"
2026,1316899756005412864,2,6,13168997560054128646,12517,1.3,7,"Colston Loveland, TE (CHI)"
2026,1316899756005412864,2,6,13168997560054128646,9226,12.3,8,"De'Von Achane, RB (MIA)"
2026,1316899756005412864,2,6,13168997560054128646,9224,11.2,9,"Chase Brown, RB (CIN)"
2026,1316899756005412864,2,6,13168997560054128646,11786,7.0,10,"Cam Little, K (JAX)"
2026,1316899756005412864,2,6,13168997560054128646,PHI,6.0,11,"Philadelphia Eagles, DEF (PHI)"
2026,1316899756005412864,2,7,13168997560054128647,6904,16.16,1,"Jalen Hurts, QB (PHI)"
2026,1316899756005412864,2,7,13168997560054128647,4866,3.0,2,"Saquon Barkley, RB (PHI)"
2026,1316899756005412864,2,7,13168997560054128647,11581,7.6,3,"MarShawn Lloyd, RB (GB)"
2026,1316899756005412864,2,7,13168997560054128647,9493,0.0,4,"Puka Nacua, WR (LAR)"
2026,1316899756005412864,2,7,13168997560054128647,5927,7.0,5,"Terry McLaurin, WR (WAS)"
2026,1316899756005412864,2,7,13168997560054128647,2216,8.4,6,"Mike Evans, WR (SF)"
2026,1316899756005412864,2,7,13168997560054128647,8110,20.3,7,"Jake Ferguson, TE (DAL)"
2026,1316899756005412864,2,7,13168997560054128647,8121,11.6,8,"Romeo Doubs, WR (NE)"
2026,1316899756005412864,2,7,13168997560054128647,5872,6.5,9,"Deebo Samuel, WR (SF)"
2026,1316899756005412864,2,7,13168997560054128647,10955,1.0,10,"Chad Ryland, K (ARI)"
2026,1316899756005412864,2,7,13168997560054128647,KC,1.0,11,"Kansas City Chiefs, DEF (KC)"
2026,1316899756005412864,2,8,13168997560054128648,4984,39.82,1,"Josh Allen, QB (BUF)"
2026,1316899756005412864,2,8,13168997560054128648,6813,29.2,2,"Jonathan Taylor, RB (IND)"
2026,1316899756005412864,2,8,13168997560054128648,4034,22.6,3,"Christian McCaffrey, RB (SF)"
2026,1316899756005412864,2,8,13168997560054128648,8137,10.0,4,"George Pickens, WR (DAL)"
2026,1316899756005412864,2,8,13168997560054128648,8144,22.6,5,"Chris Olave, WR (NO)"
2026,1316899756005412864,2,8,13168997560054128648,8167,14.1,6,"Christian Watson, WR (GB)"
2026,1316899756005412864,2,8,13168997560054128648,9484,2.5,7,"Tucker Kraft, TE (GB)"
2026,1316899756005412864,2,8,13168997560054128648,8155,14.2,8,"Breece Hall, RB (NYJ)"
2026,1316899756005412864,2,8,13168997560054128648,7543,7.1,9,"Travis Etienne, RB (NO)"
2026,1316899756005412864,2,8,13168997560054128648,11533,16.0,10,"Brandon Aubrey, K (DAL)"
2026,1316899756005412864,2,8,13168997560054128648,JAX,2.0,11,"Jacksonville Jaguars, DEF (JAX)"
2026,1316899756005412864,2,9,13168997560054128649,4892,12.18,1,"Baker Mayfield, QB (TB)"
2026,1316899756005412864,2,9,13168997560054128649,5850,0.0,2,"Josh Jacobs, RB (GB)"
2026,1316899756005412864,2,9,13168997560054128649,2315,0.0,3,
2026,1316899756005412864,2,9,13168997560054128649,13279,5.7,4,"Carnell Tate, WR (TEN)"
2026,1316899756005412864,2,9,13168997560054128649,11628,0.0,5,"Marvin Harrison, WR (ARI)"
2026,1316899756005412864,2,9,13168997560054128649,10222,1.4,6,"Jayden Reed, WR (GB)"
2026,1316899756005412864,2,9,13168997560054128649,3214,7.0,7,"Hunter Henry, TE (NE)"
2026,1316899756005412864,2,9,13168997560054128649,5248,0.0,8,
2026,1316899756005412864,2,9,13168997560054128649,12469,0.0,9,"Dylan Sampson, RB (CLE)"
2026,1316899756005412864,2,9,13168997560054128649,2671,0.0,10,
2026,1316899756005412864,2,9,13168997560054128649,LAR,12.0,11,"Los Angeles Rams, DEF (LAR)"
2026,1316899936696016896,2,1,13168999366960168961,1166,20.22,1,"Kirk Cousins, QB (LV)"
2026,1316899936696016896,2,1,13168999366960168961,7611,2.6,2,"Rhamondre Stevenson, RB (NE)"
2026,1316899936696016896,2,1,13168999366960168961,10219,1.3,3,"Chris Rodriguez, RB (JAX)"
2026,1316899936696016896,2,1,13168999366960168961,6786,35.3,4,"CeeDee Lamb, WR (DAL)"
2026,1316899936696016896,2,1,13168999366960168961,6794,8.5,5,"Justin Jefferson, WR (MIN)"
2026,1316899936696016896,2,1,13168999366960168961,8144,22.6,6,"Chris Olave, WR (NO)"
2026,1316899936696016896,2,1,13168999366960168961,10859,17.2,7,"Sam LaPorta, TE (DET)"
2026,1316899936696016896,2,1,13168999366960168961,5022,1.4,8,"Dallas Goedert, TE (PHI)"
2026,1316899936696016896,2,1,13168999366960168961,7002,10.6,9,"Juwan Johnson, TE (NO)"
2026,1316899936696016896,2,1,13168999366960168961,5095,13.0,10,"Daniel Carlson, K (NO)"
2026,1316899936696016896,2,1,13168999366960168961,PHI,6.0,11,"Philadelphia Eagles, DEF (PHI)"
2026,1316899936696016896,2,10,131689993669601689610,11566,13.74,1,"Jayden Daniels, QB (WAS)"
2026,1316899936696016896,2,10,131689993669601689610,7588,8.0,2,"Javonte Williams, RB (DAL)"
2026,1316899936696016896,2,10,131689993669601689610,12512,9.8,3,"Quinshon Judkins, RB (CLE)"
2026,1316899936696016896,2,10,131689993669601689610,9488,42.5,4,"Jaxon Smith-Njigba, WR (SEA)"
2026,1316899936696016896,2,10,131689993669601689610,12519,6.2,5,"Luther Burden, WR (CHI)"
2026,1316899936696016896,2,10,131689993669601689610,11620,7.3,6,"Rome Odunze, WR (CHI)"
2026,1316899936696016896,2,10,131689993669601689610,12518,14.4,7,"Tyler Warren, TE (IND)"
2026,1316899936696016896,2,10,131689993669601689610,11581,7.6,8,"MarShawn Lloyd, RB (GB)"
2026,1316899936696016896,2,10,131689993669601689610,8126,1.9,9,"Wan'Dale Robinson, WR (TEN)"
2026,1316899936696016896,2,10,131689993669601689610,5189,5.0,10,"Eddy Pineiro, K (SF)"
2026,1316899936696016896,2,10,131689993669601689610,NYG,1.0,11,"New York Giants, DEF (NYG)"
2026,1316899936696016896,2,11,131689993669601689611,6770,16.18,1,"Joe Burrow, QB (CIN)"
2026,1316899936696016896,2,11,131689993669601689611,9509,11.1,2,"Bijan Robinson, RB (ATL)"
2026,1316899936696016896,2,11,131689993669601689611,12527,10.3,3,"Ashton Jeanty, RB (LV)"
2026,1316899936696016896,2,11,131689993669601689611,12526,15.1,4,"Tetairoa McMillan, WR (CAR)"
2026,1316899936696016896,2,11,131689993669601689611,6801,14.5,5,"Tee Higgins, WR (CIN)"
2026,1316899936696016896,2,11,131689993669601689611,5846,6.7,6,"DK Metcalf, WR (PIT)"
2026,1316899936696016896,2,11,131689993669601689611,9484,2.5,7,"Tucker Kraft, TE (GB)"
2026,1316899936696016896,2,11,131689993669601689611,11584,13.0,8,"Bucky Irving, RB (TB)"
2026,1316899936696016896,2,11,131689993669601689611,7594,14.4,9,"Chuba Hubbard, RB (CAR)"
2026,1316899936696016896,2,11,131689993669601689611,3451,6.0,10,"Ka'imi Fairbairn, K (HOU)"
2026,1316899936696016896,2,11,131689993669601689611,DEN,9.0,11,"Denver Broncos, DEF (DEN)"
2026,1316899936696016896,2,12,131689993669601689612,11563,14.12,1,"Bo Nix, QB (DEN)"
2026,1316899936696016896,2,12,131689993669601689612,8138,20.9,2,"James Cook, RB (BUF)"
2026,1316899936696016896,2,12,131689993669601689612,8151,23.8,3,"Kenneth Walker, RB (KC)"
2026,1316899936696016896,2,12,131689993669601689612,8148,5.3,4,"Jameson Williams, WR (DET)"
2026,1316899936696016896,2,12,131689993669601689612,8137,10.0,5,"George Pickens, WR (DAL)"
2026,1316899936696016896,2,12,131689993669601689612,8146,16.7,6,"Garrett Wilson, WR (NYJ)"
2026,1316899936696016896,2,12,131689993669601689612,4217,18.0,7,"George Kittle, TE (SF)"
2026,1316899936696016896,2,12,131689993669601689612,12533,5.8,8,"Jacory Croskey-Merritt, RB (WAS)"
2026,1316899936696016896,2,12,131689993669601689612,7569,0.0,9,"Nico Collins, WR (HOU)"
2026,1316899936696016896,2,12,131689993669601689612,2747,7.0,10,"Jason Myers, K (SEA)"
2026,1316899936696016896,2,12,131689993669601689612,JAX,2.0,11,"Jacksonville Jaguars, DEF (JAX)"
2026,1316899936696016896,2,2,13168999366960168962,6904,16.16,1,"Jalen Hurts, QB (PHI)"
2026,1316899936696016896,2,2,13168999366960168962,9221,23.3,2,"Jahmyr Gibbs, RB (DET)"
2026,1316899936696016896,2,2,13168999366960168962,9226,12.3,3,"De'Von Achane, RB (MIA)"
2026,1316899936696016896,2,2,13168999366960168962,12501,9.8,4,"Matthew Golden, WR (GB)"
2026,1316899936696016896,2,2,13168999366960168962,11632,1.1,5,"Malik Nabers, WR (NYG)"
2026,1316899936696016896,2,2,13168999366960168962,7525,27.7,6,"DeVonta Smith, WR (PHI)"
2026,1316899936696016896,2,2,13168999366960168962,10236,22.5,7,"Dalton Kincaid, TE (BUF)"
2026,1316899936696016896,2,2,13168999366960168962,4199,10.5,8,"Aaron Jones, RB (MIN)"
2026,1316899936696016896,2,2,13168999366960168962,9754,2.4,9,"Quentin Johnston, WR (LAC)"
2026,1316899936696016896,2,2,13168999366960168962,7042,5.0,10,"Tyler Bass, K (BUF)"
2026,1316899936696016896,2,2,13168999366960168962,BUF,3.0,11,"Buffalo Bills, DEF (BUF)"
2026,1316899936696016896,2,3,13168999366960168963,12522,20.02,1,"Cam Ward, QB (TEN)"
2026,1316899936696016896,2,3,13168999366960168963,13287,7.5,2,"Jeremiyah Love, RB (ARI)"
2026,1316899936696016896,2,3,13168999366960168963,12534,7.8,3,"Kyle Monangai, RB (CHI)"
2026,1316899936696016896,2,3,13168999366960168963,8112,8.9,4,"Drake London, WR (ATL)"
2026,1316899936696016896,2,3,13168999366960168963,11628,0.0,5,"Marvin Harrison, WR (ARI)"
2026,1316899936696016896,2,3,13168999366960168963,4039,4.0,6,"Cooper Kupp, WR (SEA)"
2026,1316899936696016896,2,3,13168999366960168963,12517,1.3,7,"Colston Loveland, TE (CHI)"
2026,1316899936696016896,2,3,13168999366960168963,13330,3.7,8,"Kenyon Sadiq, TE (NYJ)"
2026,1316899936696016896,2,3,13168999366960168963,12530,0.0,9,
2026,1316899936696016896,2,3,13168999366960168963,4195,8.0,10,"Jake Elliott, K (PHI)"
2026,1316899936696016896,2,3,13168999366960168963,WAS,-2.0,11,"Washington Commanders, DEF (WAS)"
2026,1316899936696016896,2,4,13168999366960168964,4881,14.8,1,"Lamar Jackson, QB (BAL)"
2026,1316899936696016896,2,4,13168999366960168964,12481,8.5,2,"Cam Skattebo, RB (NYG)"
2026,1316899936696016896,2,4,13168999366960168964,11586,9.2,3,"Blake Corum, RB (LAR)"
2026,1316899936696016896,2,4,13168999366960168964,9997,0.0,4,"Zay Flowers, WR (BAL)"
2026,1316899936696016896,2,4,13168999366960168964,2216,8.4,5,"Mike Evans, WR (SF)"
2026,1316899936696016896,2,4,13168999366960168964,12484,0.0,6,"Jayden Higgins, WR (HOU)"
2026,1316899936696016896,2,4,13168999366960168964,12502,3.3,7,"Gunnar Helm, TE (TEN)"
2026,1316899936696016896,2,4,13168999366960168964,7567,4.5,8,"Kenny Gainwell, RB (TB)"
2026,1316899936696016896,2,4,13168999366960168964,13286,4.0,9,"Jadarian Price, RB (SEA)"
2026,1316899936696016896,2,4,13168999366960168964,4227,16.0,10,"Harrison Butker, K (KC)"
2026,1316899936696016896,2,4,13168999366960168964,PIT,10.0,11,"Pittsburgh Steelers, DEF (PIT)"
2026,1316899936696016896,2,5,13168999366960168965,9228,24.08,1,"Bryce Young, QB (CAR)"
2026,1316899936696016896,2,5,13168999366960168965,12507,16.5,2,"Omarion Hampton, RB (LAC)"
2026,1316899936696016896,2,5,13168999366960168965,9224,11.2,3,"Chase Brown, RB (CIN)"
2026,1316899936696016896,2,5,13168999366960168965,11635,6.5,4,"Ladd McConkey, WR (LAC)"
2026,1316899936696016896,2,5,13168999366960168965,13279,5.7,5,"Carnell Tate, WR (TEN)"
2026,1316899936696016896,2,5,13168999366960168965,11646,14.6,6,"Jalen Coker, WR (CAR)"
2026,1316899936696016896,2,5,13168999366960168965,5844,5.9,7,"T.J. Hockenson, TE (MIN)"
2026,1316899936696016896,2,5,13168999366960168965,12490,14.2,8,"Bhayshul Tuten, RB (JAX)"
2026,1316899936696016896,2,5,13168999366960168965,9500,14.2,9,"Josh Downs, WR (IND)"
2026,1316899936696016896,2,5,13168999366960168965,1945,4.0,10,"Chris Boswell, K (PIT)"
2026,1316899936696016896,2,5,13168999366960168965,MIA,-5.0,11,"Miami Dolphins, DEF (MIA)"
2026,1316899936696016896,2,6,13168999366960168966,11560,6.72,1,"Caleb Williams, QB (CHI)"
2026,1316899936696016896,2,6,13168999366960168966,8155,14.2,2,"Breece Hall, RB (NYJ)"
2026,1316899936696016896,2,6,13168999366960168966,6790,11.9,3,"D'Andre Swift, RB (CHI)"
2026,1316899936696016896,2,6,13168999366960168966,10229,12.3,4,"Rashee Rice, WR (KC)"
2026,1316899936696016896,2,6,13168999366960168966,8167,14.1,5,"Christian Watson, WR (GB)"
2026,1316899936696016896,2,6,13168999366960168966,13298,8.2,6,"KC Concepcion, WR (CLE)"
2026,1316899936696016896,2,6,13168999366960168966,3214,7.0,7,"Hunter Henry, TE (NE)"
2026,1316899936696016896,2,6,13168999366960168966,9756,4.1,8,"Jordan Addison, WR (MIN)"
2026,1316899936696016896,2,6,13168999366960168966,10222,1.4,9,"Jayden Reed, WR (GB)"
2026,1316899936696016896,2,6,13168999366960168966,13545,8.0,10,"Trey Smack, K (GB)"
2026,1316899936696016896,2,6,13168999366960168966,SF,10.0,11,"San Francisco 49ers, DEF (SF)"
2026,1316899936696016896,2,7,13168999366960168967,4984,39.82,1,"Josh Allen, QB (BUF)"
2026,1316899936696016896,2,7,13168999366960168967,6813,29.2,2,"Jonathan Taylor, RB (IND)"
2026,1316899936696016896,2,7,13168999366960168967,4034,22.6,3,"Christian McCaffrey, RB (SF)"
2026,1316899936696016896,2,7,13168999366960168967,7564,26.5,4,"Ja'Marr Chase, WR (CIN)"
2026,1316899936696016896,2,7,13168999366960168967,7547,35.2,5,"Amon-Ra St. Brown, WR (DET)"
2026,1316899936696016896,2,7,13168999366960168967,2133,39.5,6,"Davante Adams, WR (LAR)"
2026,1316899936696016896,2,7,13168999366960168967,1466,25.1,7,"Travis Kelce, TE (KC)"
2026,1316899936696016896,2,7,13168999366960168967,4866,3.0,8,"Saquon Barkley, RB (PHI)"
2026,1316899936696016896,2,7,13168999366960168967,9487,15.8,9,"Parker Washington, WR (JAX)"
2026,1316899936696016896,2,7,13168999366960168967,12711,5.0,10,"Tyler Loop, K (BAL)"
2026,1316899936696016896,2,7,13168999366960168967,LAR,12.0,11,"Los Angeles Rams, DEF (LAR)"
2026,1316899936696016896,2,8,13168999366960168968,7523,6.16,1,"Trevor Lawrence, QB (JAX)"
2026,1316899936696016896,2,8,13168999366960168968,7543,7.1,2,"Travis Etienne, RB (NO)"
2026,1316899936696016896,2,8,13168999366960168968,5892,4.4,3,"David Montgomery, RB (HOU)"
2026,1316899936696016896,2,8,13168999366960168968,7526,21.8,4,"Jaylen Waddle, WR (DEN)"
2026,1316899936696016896,2,8,13168999366960168968,12514,10.3,5,"Emeka Egbuka, WR (TB)"
2026,1316899936696016896,2,8,13168999366960168968,4983,-0.1,6,"DJ Moore, WR (BUF)"
2026,1316899936696016896,2,8,13168999366960168968,12521,2.7,7,"Elijah Arroyo, TE (SEA)"
2026,1316899936696016896,2,8,13168999366960168968,8154,8.7,8,"Brian Robinson, RB (ATL)"
2026,1316899936696016896,2,8,13168999366960168968,6819,0.0,9,"Michael Pittman, WR (PIT)"
2026,1316899936696016896,2,8,13168999366960168968,11786,7.0,10,"Cam Little, K (JAX)"
2026,1316899936696016896,2,8,13168999366960168968,ARI,3.0,11,"Arizona Cardinals, DEF (ARI)"
2026,1316899936696016896,2,9,13168999366960168969,8183,28.48,1,"Brock Purdy, QB (SF)"
2026,1316899936696016896,2,9,13168999366960168969,8150,14.7,2,"Kyren Williams, RB (LAR)"
2026,1316899936696016896,2,9,13168999366960168969,3198,17.7,3,"Derrick Henry, RB (BAL)"
2026,1316899936696016896,2,9,13168999366960168969,2449,21.7,4,"Stefon Diggs, WR (WAS)"
2026,1316899936696016896,2,9,13168999366960168969,4037,8.8,5,"Chris Godwin, WR (TB)"
2026,1316899936696016896,2,9,13168999366960168969,8121,11.6,6,"Romeo Doubs, WR (NE)"
2026,1316899936696016896,2,9,13168999366960168969,8130,18.1,7,"Trey McBride, TE (ARI)"
2026,1316899936696016896,2,9,13168999366960168969,7021,6.4,8,"Rico Dowdle, RB (PIT)"
2026,1316899936696016896,2,9,13168999366960168969,5001,26.0,9,"Dalton Schultz, TE (HOU)"
2026,1316899936696016896,2,9,13168999366960168969,11533,16.0,10,"Brandon Aubrey, K (DAL)"
2026,1316899936696016896,2,9,13168999366960168969,TB,4.0,11,"Tampa Bay Buccaneers, DEF (TB)"
2026,1331774454493122560,2,1,13317744544931225601,4046,28.98,1,"Patrick Mahomes, QB (KC)"
2026,1331774454493122560,2,1,13317744544931225601,9221,23.3,2,"Jahmyr Gibbs, RB (DET)"
2026,1331774454493122560,2,1,13317744544931225601,4034,22.6,3,"Christian McCaffrey, RB (SF)"
2026,1331774454493122560,2,1,13317744544931225601,7547,35.2,4,"Amon-Ra St. Brown, WR (DET)"
2026,1331774454493122560,2,1,13317744544931225601,8146,16.7,5,"Garrett Wilson, WR (NYJ)"
2026,1331774454493122560,2,1,13317744544931225601,10229,12.3,6,"Rashee Rice, WR (KC)"
2026,1331774454493122560,2,1,13317744544931225601,4217,18.0,7,"George Kittle, TE (SF)"
2026,1331774454493122560,2,1,13317744544931225601,2133,39.5,8,"Davante Adams, WR (LAR)"
2026,1331774454493122560,2,1,13317744544931225601,6790,11.9,9,"D'Andre Swift, RB (CHI)"
2026,1331774454493122560,2,1,13317744544931225601,8259,1.0,10,"Cameron Dicker, K (LAC)"
2026,1331774454493122560,2,1,13317744544931225601,TB,4.0,11,"Tampa Bay Buccaneers, DEF (TB)"
2026,1331774454493122560,2,10,133177445449312256010,4984,39.82,1,"Josh Allen, QB (BUF)"
2026,1331774454493122560,2,10,133177445449312256010,6813,29.2,2,"Jonathan Taylor, RB (IND)"
2026,1331774454493122560,2,10,133177445449312256010,8155,14.2,3,"Breece Hall, RB (NYJ)"
2026,1331774454493122560,2,10,133177445449312256010,7564,26.5,4,"Ja'Marr Chase, WR (CIN)"
2026,1331774454493122560,2,10,133177445449312256010,11646,14.6,5,"Jalen Coker, WR (CAR)"
2026,1331774454493122560,2,10,133177445449312256010,6786,35.3,6,"CeeDee Lamb, WR (DAL)"
2026,1331774454493122560,2,10,133177445449312256010,12517,1.3,7,"Colston Loveland, TE (CHI)"
2026,1331774454493122560,2,10,133177445449312256010,5872,6.5,8,"Deebo Samuel, WR (SF)"
2026,1331774454493122560,2,10,133177445449312256010,5846,6.7,9,"DK Metcalf, WR (PIT)"
2026,1331774454493122560,2,10,133177445449312256010,12713,8.0,10,"Andy Borregales, K (NE)"
2026,1331774454493122560,2,10,133177445449312256010,JAX,2.0,11,"Jacksonville Jaguars, DEF (JAX)"
2026,1331774454493122560,2,11,133177445449312256011,11563,14.12,1,"Bo Nix, QB (DEN)"
2026,1331774454493122560,2,11,133177445449312256011,8138,20.9,2,"James Cook, RB (BUF)"
2026,1331774454493122560,2,11,133177445449312256011,12507,16.5,3,"Omarion Hampton, RB (LAC)"
2026,1331774454493122560,2,11,133177445449312256011,11635,6.5,4,"Ladd McConkey, WR (LAC)"
2026,1331774454493122560,2,11,133177445449312256011,9487,15.8,5,"Parker Washington, WR (JAX)"
2026,1331774454493122560,2,11,133177445449312256011,10222,1.4,6,"Jayden Reed, WR (GB)"
2026,1331774454493122560,2,11,133177445449312256011,10236,22.5,7,"Dalton Kincaid, TE (BUF)"
2026,1331774454493122560,2,11,133177445449312256011,4983,-0.1,8,"DJ Moore, WR (BUF)"
2026,1331774454493122560,2,11,133177445449312256011,8228,9.7,9,"Jaylen Warren, RB (PIT)"
2026,1331774454493122560,2,11,133177445449312256011,11786,7.0,10,"Cam Little, K (JAX)"
2026,1331774454493122560,2,11,133177445449312256011,SF,10.0,11,"San Francisco 49ers, DEF (SF)"
2026,1331774454493122560,2,12,133177445449312256012,7523,6.16,1,"Trevor Lawrence, QB (JAX)"
2026,1331774454493122560,2,12,133177445449312256012,9226,12.3,2,"De'Von Achane, RB (MIA)"
2026,1331774454493122560,2,12,133177445449312256012,12481,8.5,3,"Cam Skattebo, RB (NYG)"
2026,1331774454493122560,2,12,133177445449312256012,6801,14.5,4,"Tee Higgins, WR (CIN)"
2026,1331774454493122560,2,12,133177445449312256012,12526,15.1,5,"Tetairoa McMillan, WR (CAR)"
2026,1331774454493122560,2,12,133177445449312256012,12501,9.8,6,"Matthew Golden, WR (GB)"
2026,1331774454493122560,2,12,133177445449312256012,9480,3.7,7,"Brenton Strange, TE (JAX)"
2026,1331774454493122560,2,12,133177445449312256012,12490,14.2,8,"Bhayshul Tuten, RB (JAX)"
2026,1331774454493122560,2,12,133177445449312256012,7611,2.6,9,"Rhamondre Stevenson, RB (NE)"
2026,1331774454493122560,2,12,133177445449312256012,4227,16.0,10,"Harrison Butker, K (KC)"
2026,1331774454493122560,2,12,133177445449312256012,KC,1.0,11,"Kansas City Chiefs, DEF (KC)"
2026,1331774454493122560,2,2,13317744544931225602,11564,8.02,1,"Drake Maye, QB (NE)"
2026,1331774454493122560,2,2,13317744544931225602,9224,11.2,2,"Chase Brown, RB (CIN)"
2026,1331774454493122560,2,2,13317744544931225602,5892,4.4,3,"David Montgomery, RB (HOU)"
2026,1331774454493122560,2,2,13317744544931225602,9488,42.5,4,"Jaxon Smith-Njigba, WR (SEA)"
2026,1331774454493122560,2,2,13317744544931225602,11632,1.1,5,"Malik Nabers, WR (NYG)"
2026,1331774454493122560,2,2,13317744544931225602,8137,10.0,6,"George Pickens, WR (DAL)"
2026,1331774454493122560,2,2,13317744544931225602,3214,7.0,7,"Hunter Henry, TE (NE)"
2026,1331774454493122560,2,2,13317744544931225602,8134,6.8,8,"Khalil Shakir, WR (BUF)"
2026,1331774454493122560,2,2,13317744544931225602,12512,9.8,9,"Quinshon Judkins, RB (CLE)"
2026,1331774454493122560,2,2,13317744544931225602,12185,14.0,10,"Spencer Shrader, K (IND)"
2026,1331774454493122560,2,2,13317744544931225602,BAL,5.0,11,"Baltimore Ravens, DEF (BAL)"
2026,1331774454493122560,2,3,13317744544931225603,6904,16.16,1,"Jalen Hurts, QB (PHI)"
2026,1331774454493122560,2,3,13317744544931225603,11584,13.0,2,"Bucky Irving, RB (TB)"
2026,1331774454493122560,2,3,13317744544931225603,7021,6.4,3,"Rico Dowdle, RB (PIT)"
2026,1331774454493122560,2,3,13317744544931225603,11610,8.7,4,"Malik Washington, WR (MIA)"
2026,1331774454493122560,2,3,13317744544931225603,8121,11.6,5,"Romeo Doubs, WR (NE)"
2026,1331774454493122560,2,3,13317744544931225603,10213,22.9,6,"Tre Tucker, WR (LV)"
2026,1331774454493122560,2,3,13317744544931225603,10859,17.2,7,"Sam LaPorta, TE (DET)"
2026,1331774454493122560,2,3,13317744544931225603,13294,1.9,8,"Makai Lemon, WR (PHI)"
2026,1331774454493122560,2,3,13317744544931225603,8180,1.9,9,"Jalen Nailor, WR (LV)"
2026,1331774454493122560,2,3,13317744544931225603,11792,10.0,10,"Will Reichard, K (MIN)"
2026,1331774454493122560,2,3,13317744544931225603,GB,7.0,11,"Green Bay Packers, DEF (GB)"
2026,1331774454493122560,2,4,13317744544931225604,12522,20.02,1,"Cam Ward, QB (TEN)"
2026,1331774454493122560,2,4,13317744544931225604,3198,17.7,2,"Derrick Henry, RB (BAL)"
2026,1331774454493122560,2,4,13317744544931225604,3164,0.0,3,
2026,1331774454493122560,2,4,13317744544931225604,8167,14.1,4,"Christian Watson, WR (GB)"
2026,1331774454493122560,2,4,13317744544931225604,5045,5.5,5,"Courtland Sutton, WR (DEN)"
2026,1331774454493122560,2,4,13317744544931225604,2374,0.0,6,
2026,1331774454493122560,2,4,13317744544931225604,11604,0.0,7,"Brock Bowers, TE (LV)"
2026,1331774454493122560,2,4,13317744544931225604,1466,25.1,8,"Travis Kelce, TE (KC)"
2026,1331774454493122560,2,4,13317744544931225604,13337,5.5,9,"Emmett Johnson, RB (KC)"
2026,1331774454493122560,2,4,13317744544931225604,11539,7.0,10,"Jake Bates, K (DET)"
2026,1331774454493122560,2,4,13317744544931225604,DAL,4.0,11,"Dallas Cowboys, DEF (DAL)"
2026,1331774454493122560,2,5,13317744544931225605,5870,11.4,1,"Daniel Jones, QB (IND)"
2026,1331774454493122560,2,5,13317744544931225605,7588,8.0,2,"Javonte Williams, RB (DAL)"
2026,1331774454493122560,2,5,13317744544931225605,5967,7.5,3,"Tony Pollard, RB (TEN)"
2026,1331774454493122560,2,5,13317744544931225605,7526,21.8,4,"Jaylen Waddle, WR (DEN)"
2026,1331774454493122560,2,5,13317744544931225605,7525,27.7,5,"DeVonta Smith, WR (PHI)"
2026,1331774454493122560,2,5,13317744544931225605,12514,10.3,6,"Emeka Egbuka, WR (TB)"
2026,1331774454493122560,2,5,13317744544931225605,8131,8.3,7,"Isaiah Likely, TE (NYG)"
2026,1331774454493122560,2,5,13317744544931225605,2216,8.4,8,"Mike Evans, WR (SF)"
2026,1331774454493122560,2,5,13317744544931225605,7594,14.4,9,"Chuba Hubbard, RB (CAR)"
2026,1331774454493122560,2,5,13317744544931225605,13545,8.0,10,"Trey Smack, K (GB)"
2026,1331774454493122560,2,5,13317744544931225605,SEA,10.0,11,"Seattle Seahawks, DEF (SEA)"
2026,1331774454493122560,2,6,13317744544931225606,12508,0.8,1,"Jaxson Dart, QB (NYG)"
2026,1331774454493122560,2,6,13317744544931225606,9509,11.1,2,"Bijan Robinson, RB (ATL)"
2026,1331774454493122560,2,6,13317744544931225606,4147,3.2,3,"Samaje Perine, RB (CIN)"
2026,1331774454493122560,2,6,13317744544931225606,8144,22.6,4,"Chris Olave, WR (NO)"
2026,1331774454493122560,2,6,13317744544931225606,9500,14.2,5,"Josh Downs, WR (IND)"
2026,1331774454493122560,2,6,13317744544931225606,4454,3.1,6,"Kendrick Bourne, WR (ARI)"
2026,1331774454493122560,2,6,13317744544931225606,8130,18.1,7,"Trey McBride, TE (ARI)"
2026,1331774454493122560,2,6,13317744544931225606,12518,14.4,8,"Tyler Warren, TE (IND)"
2026,1331774454493122560,2,6,13317744544931225606,9484,2.5,9,"Tucker Kraft, TE (GB)"
2026,1331774454493122560,2,6,13317744544931225606,11533,16.0,10,"Brandon Aubrey, K (DAL)"
2026,1331774454493122560,2,6,13317744544931225606,LAR,12.0,11,"Los Angeles Rams, DEF (LAR)"
2026,1331774454493122560,2,7,13317744544931225607,421,26.98,1,"Matthew Stafford, QB (LAR)"
2026,1331774454493122560,2,7,13317744544931225607,12527,10.3,2,"Ashton Jeanty, RB (LV)"
2026,1331774454493122560,2,7,13317744544931225607,13287,7.5,3,"Jeremiyah Love, RB (ARI)"
2026,1331774454493122560,2,7,13317744544931225607,12519,6.2,4,"Luther Burden, WR (CHI)"
2026,1331774454493122560,2,7,13317744544931225607,13274,7.5,5,"Germie Bernard, WR (PIT)"
2026,1331774454493122560,2,7,13317744544931225607,9501,1.9,6,"DeMario Douglas, WR (NE)"
2026,1331774454493122560,2,7,13317744544931225607,5001,26.0,7,"Dalton Schultz, TE (HOU)"
2026,1331774454493122560,2,7,13317744544931225607,7567,4.5,8,"Kenny Gainwell, RB (TB)"
2026,1331774454493122560,2,7,13317744544931225607,12502,3.3,9,"Gunnar Helm, TE (TEN)"
2026,1331774454493122560,2,7,13317744544931225607,6650,16.0,10,"Chase McLaughlin, K (TB)"
2026,1331774454493122560,2,7,13317744544931225607,CHI,8.0,11,"Chicago Bears, DEF (CHI)"
2026,1331774454493122560,2,8,13317744544931225608,4881,14.8,1,"Lamar Jackson, QB (BAL)"
2026,1331774454493122560,2,8,13317744544931225608,8150,14.7,2,"Kyren Williams, RB (LAR)"
2026,1331774454493122560,2,8,13317744544931225608,8151,23.8,3,"Kenneth Walker, RB (KC)"
2026,1331774454493122560,2,8,13317744544931225608,11620,7.3,4,"Rome Odunze, WR (CHI)"
2026,1331774454493122560,2,8,13317744544931225608,8148,5.3,5,"Jameson Williams, WR (DET)"
2026,1331774454493122560,2,8,13317744544931225608,6794,8.5,6,"Justin Jefferson, WR (MIN)"
2026,1331774454493122560,2,8,13317744544931225608,5012,10.9,7,"Mark Andrews, TE (BAL)"
2026,1331774454493122560,2,8,13317744544931225608,11628,0.0,8,"Marvin Harrison, WR (ARI)"
2026,1331774454493122560,2,8,13317744544931225608,9486,12.4,9,"Dontayvion Wicks, WR (PHI)"
2026,1331774454493122560,2,8,13317744544931225608,2020,4.0,10,"Cairo Santos, K (CHI)"
2026,1331774454493122560,2,8,13317744544931225608,ATL,2.0,11,"Atlanta Falcons, DEF (ATL)"
2026,1331774454493122560,2,9,13317744544931225609,11566,13.74,1,"Jayden Daniels, QB (WAS)"
2026,1331774454493122560,2,9,13317744544931225609,12529,13.6,2,"TreVeyon Henderson, RB (NE)"
2026,1331774454493122560,2,9,13317744544931225609,8154,8.7,3,"Brian Robinson, RB (ATL)"
2026,1331774454493122560,2,9,13317744544931225609,8112,8.9,4,"Drake London, WR (ATL)"
2026,1331774454493122560,2,9,13317744544931225609,7569,0.0,5,"Nico Collins, WR (HOU)"
2026,1331774454493122560,2,9,13317744544931225609,13279,5.7,6,"Carnell Tate, WR (TEN)"
2026,1331774454493122560,2,9,13317744544931225609,5022,1.4,7,"Dallas Goedert, TE (PHI)"
2026,1331774454493122560,2,9,13317744544931225609,10232,3.8,8,"Michael Wilson, WR (ARI)"
2026,1331774454493122560,2,9,13317744544931225609,4199,10.5,9,"Aaron Jones, RB (MIN)"
2026,1331774454493122560,2,9,13317744544931225609,0,0.0,10,
2026,1331774454493122560,2,9,13317744544931225609,LAC,5.0,11,"Los Angeles Chargers, DEF (LAC)"
2026,1331774544905510912,2,1,13317745449055109121,3294,29.76,1,"Dak Prescott, QB (DAL)"
2026,1331774544905510912,2,1,13317745449055109121,12507,16.5,2,"Omarion Hampton, RB (LAC)"
2026,1331774544905510912,2,1,13317745449055109121,8150,14.7,3,"Kyren Williams, RB (LAR)"
2026,1331774544905510912,2,1,13317745449055109121,8112,8.9,4,"Drake London, WR (ATL)"
2026,1331774544905510912,2,1,13317745449055109121,8126,1.9,5,"Wan'Dale Robinson, WR (TEN)"
2026,1331774544905510912,2,1,13317745449055109121,7526,21.8,6,"Jaylen Waddle, WR (DEN)"
2026,1331774544905510912,2,1,13317745449055109121,8130,18.1,7,"Trey McBride, TE (ARI)"
2026,1331774544905510912,2,1,13317745449055109121,4199,10.5,8,"Aaron Jones, RB (MIN)"
2026,1331774544905510912,2,1,13317745449055109121,13298,8.2,9,"KC Concepcion, WR (CLE)"
2026,1331774544905510912,2,1,13317745449055109121,5119,5.0,10,"Jason Sanders, K (NYJ)"
2026,1331774544905510912,2,1,13317745449055109121,BAL,5.0,11,"Baltimore Ravens, DEF (BAL)"
2026,1331774544905510912,2,10,133177454490551091210,11560,6.72,1,"Caleb Williams, QB (CHI)"
2026,1331774544905510912,2,10,133177454490551091210,11581,7.6,2,"MarShawn Lloyd, RB (GB)"
2026,1331774544905510912,2,10,133177454490551091210,12490,14.2,3,"Bhayshul Tuten, RB (JAX)"
2026,1331774544905510912,2,10,133177454490551091210,10222,1.4,4,"Jayden Reed, WR (GB)"
2026,1331774544905510912,2,10,133177454490551091210,11620,7.3,5,"Rome Odunze, WR (CHI)"
2026,1331774544905510912,2,10,133177454490551091210,5947,3.8,6,"Jakobi Meyers, WR (JAX)"
2026,1331774544905510912,2,10,133177454490551091210,8131,8.3,7,"Isaiah Likely, TE (NYG)"
2026,1331774544905510912,2,10,133177454490551091210,7588,8.0,8,"Javonte Williams, RB (DAL)"
2026,1331774544905510912,2,10,133177454490551091210,8136,14.3,9,"Rachaad White, RB (WAS)"
2026,1331774544905510912,2,10,133177454490551091210,12015,3.0,10,"Harrison Mevis, K (LAR)"
2026,1331774544905510912,2,10,133177454490551091210,KC,1.0,11,"Kansas City Chiefs, DEF (KC)"
2026,1331774544905510912,2,11,133177454490551091211,4984,39.82,1,"Josh Allen, QB (BUF)"
2026,1331774544905510912,2,11,133177454490551091211,4034,22.6,2,"Christian McCaffrey, RB (SF)"
2026,1331774544905510912,2,11,133177454490551091211,11584,13.0,3,"Bucky Irving, RB (TB)"
2026,1331774544905510912,2,11,133177454490551091211,7547,35.2,4,"Amon-Ra St. Brown, WR (DET)"
2026,1331774544905510912,2,11,133177454490551091211,8137,10.0,5,"George Pickens, WR (DAL)"
2026,1331774544905510912,2,11,133177454490551091211,3634,9.0,6,"Kalif Raymond, WR (CHI)"
2026,1331774544905510912,2,11,133177454490551091211,12518,14.4,7,"Tyler Warren, TE (IND)"
2026,1331774544905510912,2,11,133177454490551091211,7611,2.6,8,"Rhamondre Stevenson, RB (NE)"
2026,1331774544905510912,2,11,133177454490551091211,7594,14.4,9,"Chuba Hubbard, RB (CAR)"
2026,1331774544905510912,2,11,133177454490551091211,8259,1.0,10,"Cameron Dicker, K (LAC)"
2026,1331774544905510912,2,11,133177454490551091211,TB,4.0,11,"Tampa Bay Buccaneers, DEF (TB)"
2026,1331774544905510912,2,12,133177454490551091212,4881,14.8,1,"Lamar Jackson, QB (BAL)"
2026,1331774544905510912,2,12,133177454490551091212,9509,11.1,2,"Bijan Robinson, RB (ATL)"
2026,1331774544905510912,2,12,133177454490551091212,7543,7.1,3,"Travis Etienne, RB (NO)"
2026,1331774544905510912,2,12,133177454490551091212,8144,22.6,4,"Chris Olave, WR (NO)"
2026,1331774544905510912,2,12,133177454490551091212,2216,8.4,5,"Mike Evans, WR (SF)"
2026,1331774544905510912,2,12,133177454490551091212,12519,6.2,6,"Luther Burden, WR (CHI)"
2026,1331774544905510912,2,12,133177454490551091212,10236,22.5,7,"Dalton Kincaid, TE (BUF)"
2026,1331774544905510912,2,12,133177454490551091212,10229,12.3,8,"Rashee Rice, WR (KC)"
2026,1331774544905510912,2,12,133177454490551091212,12514,10.3,9,"Emeka Egbuka, WR (TB)"
2026,1331774544905510912,2,12,133177454490551091212,12961,10.0,10,"Ryan Fitzgerald, K (CAR)"
2026,1331774544905510912,2,12,133177454490551091212,SEA,10.0,11,"Seattle Seahawks, DEF (SEA)"
2026,1331774544905510912,2,2,13317745449055109122,4046,28.98,1,"Patrick Mahomes, QB (KC)"
2026,1331774544905510912,2,2,13317745449055109122,4866,3.0,2,"Saquon Barkley, RB (PHI)"
2026,1331774544905510912,2,2,13317745449055109122,5967,7.5,3,"Tony Pollard, RB (TEN)"
2026,1331774544905510912,2,2,13317745449055109122,9493,0.0,4,"Puka Nacua, WR (LAR)"
2026,1331774544905510912,2,2,13317745449055109122,6786,35.3,5,"CeeDee Lamb, WR (DAL)"
2026,1331774544905510912,2,2,13317745449055109122,6801,14.5,6,"Tee Higgins, WR (CIN)"
2026,1331774544905510912,2,2,13317745449055109122,1466,25.1,7,"Travis Kelce, TE (KC)"
2026,1331774544905510912,2,2,13317745449055109122,2449,21.7,8,"Stefon Diggs, WR (WAS)"
2026,1331774544905510912,2,2,13317745449055109122,9487,15.8,9,"Parker Washington, WR (JAX)"
2026,1331774544905510912,2,2,13317745449055109122,2747,7.0,10,"Jason Myers, K (SEA)"
2026,1331774544905510912,2,2,13317745449055109122,CAR,25.0,11,"Carolina Panthers, DEF (CAR)"
2026,1331774544905510912,2,3,13317745449055109123,9758,17.02,1,"C.J. Stroud, QB (HOU)"
2026,1331774544905510912,2,3,13317745449055109123,3198,17.7,2,"Derrick Henry, RB (BAL)"
2026,1331774544905510912,2,3,13317745449055109123,12489,0.0,3,"RJ Harvey, RB (DEN)"
2026,1331774544905510912,2,3,13317745449055109123,11635,6.5,4,"Ladd McConkey, WR (LAC)"
2026,1331774544905510912,2,3,13317745449055109123,3286,6.4,5,"Demarcus Robinson, WR (SF)"
2026,1331774544905510912,2,3,13317745449055109123,5872,6.5,6,"Deebo Samuel, WR (SF)"
2026,1331774544905510912,2,3,13317745449055109123,9484,2.5,7,"Tucker Kraft, TE (GB)"
2026,1331774544905510912,2,3,13317745449055109123,7600,7.4,8,"Pat Freiermuth, TE (PIT)"
2026,1331774544905510912,2,3,13317745449055109123,5844,5.9,9,"T.J. Hockenson, TE (MIN)"
2026,1331774544905510912,2,3,13317745449055109123,6528,8.0,10,"Joey Slye, K (TEN)"
2026,1331774544905510912,2,3,13317745449055109123,MIN,17.0,11,"Minnesota Vikings, DEF (MIN)"
2026,1331774544905510912,2,4,13317745449055109124,12508,0.8,1,"Jaxson Dart, QB (NYG)"
2026,1331774544905510912,2,4,13317745449055109124,6813,29.2,2,"Jonathan Taylor, RB (IND)"
2026,1331774544905510912,2,4,13317745449055109124,12512,9.8,3,"Quinshon Judkins, RB (CLE)"
2026,1331774544905510912,2,4,13317745449055109124,7564,26.5,4,"Ja'Marr Chase, WR (CIN)"
2026,1331774544905510912,2,4,13317745449055109124,9488,42.5,5,"Jaxon Smith-Njigba, WR (SEA)"
2026,1331774544905510912,2,4,13317745449055109124,6794,8.5,6,"Justin Jefferson, WR (MIN)"
2026,1331774544905510912,2,4,13317745449055109124,5022,1.4,7,"Dallas Goedert, TE (PHI)"
2026,1331774544905510912,2,4,13317745449055109124,6790,11.9,8,"D'Andre Swift, RB (CHI)"
2026,1331774544905510912,2,4,13317745449055109124,8228,9.7,9,"Jaylen Warren, RB (PIT)"
2026,1331774544905510912,2,4,13317745449055109124,11261,13.0,10,"Andre Szmyt, K (CLE)"
2026,1331774544905510912,2,4,13317745449055109124,LV,16.0,11,"Las Vegas Raiders, DEF (LV)"
2026,1331774544905510912,2,5,13317745449055109125,6770,16.18,1,"Joe Burrow, QB (CIN)"
2026,1331774544905510912,2,5,13317745449055109125,9226,12.3,2,"De'Von Achane, RB (MIA)"
2026,1331774544905510912,2,5,13317745449055109125,6806,3.6,3,"J.K. Dobbins, RB (DEN)"
2026,1331774544905510912,2,5,13317745449055109125,11632,1.1,4,"Malik Nabers, WR (NYG)"
2026,1331774544905510912,2,5,13317745449055109125,7525,27.7,5,"DeVonta Smith, WR (PHI)"
2026,1331774544905510912,2,5,13317745449055109125,8146,16.7,6,"Garrett Wilson, WR (NYJ)"
2026,1331774544905510912,2,5,13317745449055109125,10859,17.2,7,"Sam LaPorta, TE (DET)"
2026,1331774544905510912,2,5,13317745449055109125,8148,5.3,8,"Jameson Williams, WR (DET)"
2026,1331774544905510912,2,5,13317745449055109125,11646,14.6,9,"Jalen Coker, WR (CAR)"
2026,1331774544905510912,2,5,13317745449055109125,4227,16.0,10,"Harrison Butker, K (KC)"
2026,1331774544905510912,2,5,13317745449055109125,LAR,12.0,11,"Los Angeles Rams, DEF (LAR)"
2026,1331774544905510912,2,6,13317745449055109126,6904,16.16,1,"Jalen Hurts, QB (PHI)"
2026,1331774544905510912,2,6,13317745449055109126,8151,23.8,2,"Kenneth Walker, RB (KC)"
2026,1331774544905510912,2,6,13317745449055109126,5892,4.4,3,"David Montgomery, RB (HOU)"
2026,1331774544905510912,2,6,13317745449055109126,5927,7.0,4,"Terry McLaurin, WR (WAS)"
2026,1331774544905510912,2,6,13317745449055109126,5846,6.7,5,"DK Metcalf, WR (PIT)"
2026,1331774544905510912,2,6,13317745449055109126,11834,11.4,6,"Devaughn Vele, WR (NO)"
2026,1331774544905510912,2,6,13317745449055109126,4217,18.0,7,"George Kittle, TE (SF)"
2026,1331774544905510912,2,6,13317745449055109126,7021,6.4,8,"Rico Dowdle, RB (PIT)"
2026,1331774544905510912,2,6,13317745449055109126,7571,21.8,9,"Rashod Bateman, WR (BAL)"
2026,1331774544905510912,2,6,13317745449055109126,5189,5.0,10,"Eddy Pineiro, K (SF)"
2026,1331774544905510912,2,6,13317745449055109126,LAC,5.0,11,"Los Angeles Chargers, DEF (LAC)"
2026,1331774544905510912,2,7,13317745449055109127,7523,6.16,1,"Trevor Lawrence, QB (JAX)"
2026,1331774544905510912,2,7,13317745449055109127,9221,23.3,2,"Jahmyr Gibbs, RB (DET)"
2026,1331774544905510912,2,7,13317745449055109127,8138,20.9,3,"James Cook, RB (BUF)"
2026,1331774544905510912,2,7,13317745449055109127,2133,39.5,4,"Davante Adams, WR (LAR)"
2026,1331774544905510912,2,7,13317745449055109127,4983,-0.1,5,"DJ Moore, WR (BUF)"
2026,1331774544905510912,2,7,13317745449055109127,13279,5.7,6,"Carnell Tate, WR (TEN)"
2026,1331774544905510912,2,7,13317745449055109127,5012,10.9,7,"Mark Andrews, TE (BAL)"
2026,1331774544905510912,2,7,13317745449055109127,9224,11.2,8,"Chase Brown, RB (CIN)"
2026,1331774544905510912,2,7,13317745449055109127,7567,4.5,9,"Kenny Gainwell, RB (TB)"
2026,1331774544905510912,2,7,13317745449055109127,4195,8.0,10,"Jake Elliott, K (PHI)"
2026,1331774544905510912,2,7,13317745449055109127,SF,10.0,11,"San Francisco 49ers, DEF (SF)"
2026,1331774544905510912,2,8,13317745449055109128,4892,12.18,1,"Baker Mayfield, QB (TB)"
2026,1331774544905510912,2,8,13317745449055109128,12527,10.3,2,"Ashton Jeanty, RB (LV)"
2026,1331774544905510912,2,8,13317745449055109128,13287,7.5,3,"Jeremiyah Love, RB (ARI)"
2026,1331774544905510912,2,8,13317745449055109128,8167,14.1,4,"Christian Watson, WR (GB)"
2026,1331774544905510912,2,8,13317745449055109128,9756,4.1,5,"Jordan Addison, WR (MIN)"
2026,1331774544905510912,2,8,13317745449055109128,11624,13.5,6,"Xavier Worthy, WR (KC)"
2026,1331774544905510912,2,8,13317745449055109128,12506,10.4,7,"Harold Fannin, TE (CLE)"
2026,1331774544905510912,2,8,13317745449055109128,12534,7.8,8,"Kyle Monangai, RB (CHI)"
2026,1331774544905510912,2,8,13317745449055109128,11586,9.2,9,"Blake Corum, RB (LAR)"
2026,1331774544905510912,2,8,13317745449055109128,6083,8.0,10,"Matt Gay, K (LV)"
2026,1331774544905510912,2,8,13317745449055109128,GB,7.0,11,"Green Bay Packers, DEF (GB)"
2026,1331774544905510912,2,9,13317745449055109129,11566,13.74,1,"Jayden Daniels, QB (WAS)"
2026,1331774544905510912,2,9,13317745449055109129,8155,14.2,2,"Breece Hall, RB (NYJ)"
2026,1331774544905510912,2,9,13317745449055109129,12481,8.5,3,"Cam Skattebo, RB (NYG)"
2026,1331774544905510912,2,9,13317745449055109129,12526,15.1,4,"Tetairoa McMillan, WR (CAR)"
2026,1331774544905510912,2,9,13317745449055109129,8134,6.8,5,"Khalil Shakir, WR (BUF)"
2026,1331774544905510912,2,9,13317745449055109129,11628,0.0,6,"Marvin Harrison, WR (ARI)"
2026,1331774544905510912,2,9,13317745449055109129,12517,1.3,7,"Colston Loveland, TE (CHI)"
2026,1331774544905510912,2,9,13317745449055109129,7553,2.5,8,"Kyle Pitts, TE (ATL)"
2026,1331774544905510912,2,9,13317745449055109129,8142,2.1,9,"Alec Pierce, WR (IND)"
2026,1331774544905510912,2,9,13317745449055109129,11533,16.0,10,"Brandon Aubrey, K (DAL)"
2026,1331774544905510912,2,9,13317745449055109129,WAS,-2.0,11,"Washington Commanders, DEF (WAS)"
2026,1331774599196585984,2,1,13317745991965859841,4984,39.82,1,"Josh Allen, QB (BUF)"
2026,1331774599196585984,2,1,13317745991965859841,6813,29.2,2,"Jonathan Taylor, RB (IND)"
2026,1331774599196585984,2,1,13317745991965859841,8138,20.9,3,"James Cook, RB (BUF)"
2026,1331774599196585984,2,1,13317745991965859841,6786,35.3,4,"CeeDee Lamb, WR (DAL)"
2026,1331774599196585984,2,1,13317745991965859841,6794,8.5,5,"Justin Jefferson, WR (MIN)"
2026,1331774599196585984,2,1,13317745991965859841,2133,39.5,6,"Davante Adams, WR (LAR)"
2026,1331774599196585984,2,1,13317745991965859841,4217,18.0,7,"George Kittle, TE (SF)"
2026,1331774599196585984,2,1,13317745991965859841,12490,14.2,8,"Bhayshul Tuten, RB (JAX)"
2026,1331774599196585984,2,1,13317745991965859841,7021,6.4,9,"Rico Dowdle, RB (PIT)"
2026,1331774599196585984,2,1,13317745991965859841,11792,10.0,10,"Will Reichard, K (MIN)"
2026,1331774599196585984,2,1,13317745991965859841,SEA,10.0,11,"Seattle Seahawks, DEF (SEA)"
2026,1331774599196585984,2,10,133177459919658598410,11564,8.02,1,"Drake Maye, QB (NE)"
2026,1331774599196585984,2,10,133177459919658598410,9224,11.2,2,"Chase Brown, RB (CIN)"
2026,1331774599196585984,2,10,133177459919658598410,8132,3.9,3,"Tyler Allgeier, RB (ARI)"
2026,1331774599196585984,2,10,133177459919658598410,7547,35.2,4,"Amon-Ra St. Brown, WR (DET)"
2026,1331774599196585984,2,10,133177459919658598410,6801,14.5,5,"Tee Higgins, WR (CIN)"
2026,1331774599196585984,2,10,133177459919658598410,8142,2.1,6,"Alec Pierce, WR (IND)"
2026,1331774599196585984,2,10,133177459919658598410,12518,14.4,7,"Tyler Warren, TE (IND)"
2026,1331774599196585984,2,10,133177459919658598410,12533,5.8,8,"Jacory Croskey-Merritt, RB (WAS)"
2026,1331774599196585984,2,10,133177459919658598410,8110,20.3,9,"Jake Ferguson, TE (DAL)"
2026,1331774599196585984,2,10,133177459919658598410,10955,1.0,10,"Chad Ryland, K (ARI)"
2026,1331774599196585984,2,10,133177459919658598410,HOU,8.0,11,"Houston Texans, DEF (HOU)"
2026,1331774599196585984,2,11,133177459919658598411,11566,13.74,1,"Jayden Daniels, QB (WAS)"
2026,1331774599196585984,2,11,133177459919658598411,12534,7.8,2,"Kyle Monangai, RB (CHI)"
2026,1331774599196585984,2,11,133177459919658598411,11586,9.2,3,"Blake Corum, RB (LAR)"
2026,1331774599196585984,2,11,133177459919658598411,8167,14.1,4,"Christian Watson, WR (GB)"
2026,1331774599196585984,2,11,133177459919658598411,8148,5.3,5,"Jameson Williams, WR (DET)"
2026,1331774599196585984,2,11,133177459919658598411,5872,6.5,6,"Deebo Samuel, WR (SF)"
2026,1331774599196585984,2,11,133177459919658598411,10859,17.2,7,"Sam LaPorta, TE (DET)"
2026,1331774599196585984,2,11,133177459919658598411,8131,8.3,8,"Isaiah Likely, TE (NYG)"
2026,1331774599196585984,2,11,133177459919658598411,11620,7.3,9,"Rome Odunze, WR (CHI)"
2026,1331774599196585984,2,11,133177459919658598411,11533,16.0,10,"Brandon Aubrey, K (DAL)"
2026,1331774599196585984,2,11,133177459919658598411,ATL,2.0,11,"Atlanta Falcons, DEF (ATL)"
2026,1331774599196585984,2,12,133177459919658598412,11560,6.72,1,"Caleb Williams, QB (CHI)"
2026,1331774599196585984,2,12,133177459919658598412,9509,11.1,2,"Bijan Robinson, RB (ATL)"
2026,1331774599196585984,2,12,133177459919658598412,9226,12.3,3,"De'Von Achane, RB (MIA)"
2026,1331774599196585984,2,12,133177459919658598412,10229,12.3,4,"Rashee Rice, WR (KC)"
2026,1331774599196585984,2,12,133177459919658598412,7525,27.7,5,"DeVonta Smith, WR (PHI)"
2026,1331774599196585984,2,12,133177459919658598412,9754,2.4,6,"Quentin Johnston, WR (LAC)"
2026,1331774599196585984,2,12,133177459919658598412,8130,18.1,7,"Trey McBride, TE (ARI)"
2026,1331774599196585984,2,12,133177459919658598412,12507,16.5,8,"Omarion Hampton, RB (LAC)"
2026,1331774599196585984,2,12,133177459919658598412,13298,8.2,9,"KC Concepcion, WR (CLE)"
2026,1331774599196585984,2,12,133177459919658598412,3451,6.0,10,"Ka'imi Fairbairn, K (HOU)"
2026,1331774599196585984,2,12,133177459919658598412,PHI,6.0,11,"Philadelphia Eagles, DEF (PHI)"
2026,1331774599196585984,2,2,13317745991965859842,13269,0.0,1,"Fernando Mendoza, QB (LV)"
2026,1331774599196585984,2,2,13317745991965859842,11435,9.2,2,"Emanuel Wilson, RB (SEA)"
2026,1331774599196585984,2,2,13317745991965859842,12455,0.0,3,"Brashard Smith, RB (KC)"
2026,1331774599196585984,2,2,13317745991965859842,8168,1.6,4,"Skyy Moore, WR (GB)"
2026,1331774599196585984,2,2,13317745991965859842,12530,0.0,5,
2026,1331774599196585984,2,2,13317745991965859842,13420,1.8,6,"Bryce Lance, WR (NO)"
2026,1331774599196585984,2,2,13317745991965859842,13421,4.0,7,"Eli Raridon, TE (NE)"
2026,1331774599196585984,2,2,13317745991965859842,12499,8.9,8,"Elic Ayomanor, WR (TEN)"
2026,1331774599196585984,2,2,13317745991965859842,4066,2.7,9,"Evan Engram, TE (DEN)"
2026,1331774599196585984,2,2,13317745991965859842,4227,16.0,10,"Harrison Butker, K (KC)"
2026,1331774599196585984,2,2,13317745991965859842,TEN,7.0,11,"Tennessee Titans, DEF (TEN)"
2026,1331774599196585984,2,3,13317745991965859843,6797,4.88,1,"Justin Herbert, QB (LAC)"
2026,1331774599196585984,2,3,13317745991965859843,4034,22.6,2,"Christian McCaffrey, RB (SF)"
2026,1331774599196585984,2,3,13317745991965859843,8408,0.0,3,"Jordan Mason, RB (MIN)"
2026,1331774599196585984,2,3,13317745991965859843,8137,10.0,4,"George Pickens, WR (DAL)"
2026,1331774599196585984,2,3,13317745991965859843,5045,5.5,5,"Courtland Sutton, WR (DEN)"
2026,1331774599196585984,2,3,13317745991965859843,5846,6.7,6,"DK Metcalf, WR (PIT)"
2026,1331774599196585984,2,3,13317745991965859843,8210,0.0,7,"Chig Okonkwo, TE (WAS)"
2026,1331774599196585984,2,3,13317745991965859843,9487,15.8,8,"Parker Washington, WR (JAX)"
2026,1331774599196585984,2,3,13317745991965859843,9500,14.2,9,"Josh Downs, WR (IND)"
2026,1331774599196585984,2,3,13317745991965859843,4195,8.0,10,"Jake Elliott, K (PHI)"
2026,1331774599196585984,2,3,13317745991965859843,JAX,2.0,11,"Jacksonville Jaguars, DEF (JAX)"
2026,1331774599196585984,2,4,13317745991965859844,1373,14.58,1,"Geno Smith, QB (NYJ)"
2026,1331774599196585984,2,4,13317745991965859844,5892,4.4,2,"David Montgomery, RB (HOU)"
2026,1331774599196585984,2,4,13317745991965859844,4035,7.2,3,"Alvin Kamara, RB (NO)"
2026,1331774599196585984,2,4,13317745991965859844,2216,8.4,4,"Mike Evans, WR (SF)"
2026,1331774599196585984,2,4,13317745991965859844,8126,1.9,5,"Wan'Dale Robinson, WR (TEN)"
2026,1331774599196585984,2,4,13317745991965859844,2449,21.7,6,"Stefon Diggs, WR (WAS)"
2026,1331774599196585984,2,4,13317745991965859844,3214,7.0,7,"Hunter Henry, TE (NE)"
2026,1331774599196585984,2,4,13317745991965859844,13346,20.5,8,"Denzel Boston, WR (CLE)"
2026,1331774599196585984,2,4,13317745991965859844,3634,9.0,9,"Kalif Raymond, WR (CHI)"
2026,1331774599196585984,2,4,13317745991965859844,3678,9.0,10,"Wil Lutz, K (DEN)"
2026,1331774599196585984,2,4,13317745991965859844,IND,-5.0,11,"Indianapolis Colts, DEF (IND)"
2026,1331774599196585984,2,5,13317745991965859845,4881,14.8,1,"Lamar Jackson, QB (BAL)"
2026,1331774599196585984,2,5,13317745991965859845,13287,7.5,2,"Jeremiyah Love, RB (ARI)"
2026,1331774599196585984,2,5,13317745991965859845,3198,17.7,3,"Derrick Henry, RB (BAL)"
2026,1331774599196585984,2,5,13317745991965859845,11646,14.6,4,"Jalen Coker, WR (CAR)"
2026,1331774599196585984,2,5,13317745991965859845,4983,-0.1,5,"DJ Moore, WR (BUF)"
2026,1331774599196585984,2,5,13317745991965859845,9504,6.7,6,"Kayshon Boutte, WR (HOU)"
2026,1331774599196585984,2,5,13317745991965859845,10236,22.5,7,"Dalton Kincaid, TE (BUF)"
2026,1331774599196585984,2,5,13317745991965859845,8134,6.8,8,"Khalil Shakir, WR (BUF)"
2026,1331774599196585984,2,5,13317745991965859845,11632,1.1,9,"Malik Nabers, WR (NYG)"
2026,1331774599196585984,2,5,13317745991965859845,13833,8.0,10,"Dominic Zvada, K (NYG)"
2026,1331774599196585984,2,5,13317745991965859845,LAC,5.0,11,"Los Angeles Chargers, DEF (LAC)"
2026,1331774599196585984,2,6,13317745991965859846,4892,12.18,1,"Baker Mayfield, QB (TB)"
2026,1331774599196585984,2,6,13317745991965859846,9221,23.3,2,"Jahmyr Gibbs, RB (DET)"
2026,1331774599196585984,2,6,13317745991965859846,12527,10.3,3,"Ashton Jeanty, RB (LV)"
2026,1331774599196585984,2,6,13317745991965859846,9488,42.5,4,"Jaxon Smith-Njigba, WR (SEA)"
2026,1331774599196585984,2,6,13317745991965859846,12519,6.2,5,"Luther Burden, WR (CHI)"
2026,1331774599196585984,2,6,13317745991965859846,11628,0.0,6,"Marvin Harrison, WR (ARI)"
2026,1331774599196585984,2,6,13317745991965859846,12517,1.3,7,"Colston Loveland, TE (CHI)"
2026,1331774599196585984,2,6,13317745991965859846,5022,1.4,8,"Dallas Goedert, TE (PHI)"
2026,1331774599196585984,2,6,13317745991965859846,8228,9.7,9,"Jaylen Warren, RB (PIT)"
2026,1331774599196585984,2,6,13317745991965859846,6650,16.0,10,"Chase McLaughlin, K (TB)"
2026,1331774599196585984,2,6,13317745991965859846,BAL,5.0,11,"Baltimore Ravens, DEF (BAL)"
2026,1331774599196585984,2,7,13317745991965859847,4046,28.98,1,"Patrick Mahomes, QB (KC)"
2026,1331774599196585984,2,7,13317745991965859847,8151,23.8,2,"Kenneth Walker, RB (KC)"
2026,1331774599196585984,2,7,13317745991965859847,8155,14.2,3,"Breece Hall, RB (NYJ)"
2026,1331774599196585984,2,7,13317745991965859847,8144,22.6,4,"Chris Olave, WR (NO)"
2026,1331774599196585984,2,7,13317745991965859847,10232,3.8,5,"Michael Wilson, WR (ARI)"
2026,1331774599196585984,2,7,13317745991965859847,13279,5.7,6,"Carnell Tate, WR (TEN)"
2026,1331774599196585984,2,7,13317745991965859847,11603,7.9,7,"AJ Barner, TE (SEA)"
2026,1331774599196585984,2,7,13317745991965859847,12501,9.8,8,"Matthew Golden, WR (GB)"
2026,1331774599196585984,2,7,13317745991965859847,13286,4.0,9,"Jadarian Price, RB (SEA)"
2026,1331774599196585984,2,7,13317745991965859847,11786,7.0,10,"Cam Little, K (JAX)"
2026,1331774599196585984,2,7,13317745991965859847,PIT,10.0,11,"Pittsburgh Steelers, DEF (PIT)"
2026,1331774599196585984,2,8,13317745991965859848,6770,16.18,1,"Joe Burrow, QB (CIN)"
2026,1331774599196585984,2,8,13317745991965859848,7611,2.6,2,"Rhamondre Stevenson, RB (NE)"
2026,1331774599196585984,2,8,13317745991965859848,6790,11.9,3,"D'Andre Swift, RB (CHI)"
2026,1331774599196585984,2,8,13317745991965859848,12526,15.1,4,"Tetairoa McMillan, WR (CAR)"
2026,1331774599196585984,2,8,13317745991965859848,10222,1.4,5,"Jayden Reed, WR (GB)"
2026,1331774599196585984,2,8,13317745991965859848,5927,7.0,6,"Terry McLaurin, WR (WAS)"
2026,1331774599196585984,2,8,13317745991965859848,1466,25.1,7,"Travis Kelce, TE (KC)"
2026,1331774599196585984,2,8,13317745991965859848,7588,8.0,8,"Javonte Williams, RB (DAL)"
2026,1331774599196585984,2,8,13317745991965859848,12481,8.5,9,"Cam Skattebo, RB (NYG)"
2026,1331774599196585984,2,8,13317745991965859848,7839,12.0,10,"Evan McPherson, K (CIN)"
2026,1331774599196585984,2,8,13317745991965859848,CIN,7.0,11,"Cincinnati Bengals, DEF (CIN)"
2026,1331774599196585984,2,9,13317745991965859849,12508,0.8,1,"Jaxson Dart, QB (NYG)"
2026,1331774599196585984,2,9,13317745991965859849,7543,7.1,2,"Travis Etienne, RB (NO)"
2026,1331774599196585984,2,9,13317745991965859849,7567,4.5,3,"Kenny Gainwell, RB (TB)"
2026,1331774599196585984,2,9,13317745991965859849,7564,26.5,4,"Ja'Marr Chase, WR (CIN)"
2026,1331774599196585984,2,9,13317745991965859849,8146,16.7,5,"Garrett Wilson, WR (NYJ)"
2026,1331774599196585984,2,9,13317745991965859849,7526,21.8,6,"Jaylen Waddle, WR (DEN)"
2026,1331774599196585984,2,9,13317745991965859849,7553,2.5,7,"Kyle Pitts, TE (ATL)"
2026,1331774599196585984,2,9,13317745991965859849,12514,10.3,8,"Emeka Egbuka, WR (TB)"
2026,1331774599196585984,2,9,13317745991965859849,11631,7.0,9,"Brian Thomas, WR (JAX)"
2026,1331774599196585984,2,9,13317745991965859849,6083,8.0,10,"Matt Gay, K (LV)"
2026,1331774599196585984,2,9,13317745991965859849,NE,22.0,11,"New England Patriots, DEF (NE)"
2026,1331774630620332032,2,1,13317746306203320321,4984,39.82,1,"Josh Allen, QB (BUF)"
2026,1331774630620332032,2,1,13317746306203320321,9509,11.1,2,"Bijan Robinson, RB (ATL)"
2026,1331774630620332032,2,1,13317746306203320321,8228,9.7,3,"Jaylen Warren, RB (PIT)"
2026,1331774630620332032,2,1,13317746306203320321,8137,10.0,4,"George Pickens, WR (DAL)"
2026,1331774630620332032,2,1,13317746306203320321,11632,1.1,5,"Malik Nabers, WR (NYG)"
2026,1331774630620332032,2,1,13317746306203320321,11646,14.6,6,"Jalen Coker, WR (CAR)"
2026,1331774630620332032,2,1,13317746306203320321,3214,7.0,7,"Hunter Henry, TE (NE)"
2026,1331774630620332032,2,1,13317746306203320321,12490,14.2,8,"Bhayshul Tuten, RB (JAX)"
2026,1331774630620332032,2,1,13317746306203320321,12514,10.3,9,"Emeka Egbuka, WR (TB)"
2026,1331774630620332032,2,1,13317746306203320321,13545,8.0,10,"Trey Smack, K (GB)"
2026,1331774630620332032,2,1,13317746306203320321,PHI,6.0,11,"Philadelphia Eagles, DEF (PHI)"
2026,1331774630620332032,2,10,133177463062033203210,12508,0.8,1,"Jaxson Dart, QB (NYG)"
2026,1331774630620332032,2,10,133177463062033203210,9224,11.2,2,"Chase Brown, RB (CIN)"
2026,1331774630620332032,2,10,133177463062033203210,12481,8.5,3,"Cam Skattebo, RB (NYG)"
2026,1331774630620332032,2,10,133177463062033203210,5846,6.7,4,"DK Metcalf, WR (PIT)"
2026,1331774630620332032,2,10,133177463062033203210,5947,3.8,5,"Jakobi Meyers, WR (JAX)"
2026,1331774630620332032,2,10,133177463062033203210,2449,21.7,6,"Stefon Diggs, WR (WAS)"
2026,1331774630620332032,2,10,133177463062033203210,5012,10.9,7,"Mark Andrews, TE (BAL)"
2026,1331774630620332032,2,10,133177463062033203210,6790,11.9,8,"D'Andre Swift, RB (CHI)"
2026,1331774630620332032,2,10,133177463062033203210,11586,9.2,9,"Blake Corum, RB (LAR)"
2026,1331774630620332032,2,10,133177463062033203210,11792,10.0,10,"Will Reichard, K (MIN)"
2026,1331774630620332032,2,10,133177463062033203210,NE,22.0,11,"New England Patriots, DEF (NE)"
2026,1331774630620332032,2,11,133177463062033203211,6770,16.18,1,"Joe Burrow, QB (CIN)"
2026,1331774630620332032,2,11,133177463062033203211,7588,8.0,2,"Javonte Williams, RB (DAL)"
2026,1331774630620332032,2,11,133177463062033203211,7611,2.6,3,"Rhamondre Stevenson, RB (NE)"
2026,1331774630620332032,2,11,133177463062033203211,12501,9.8,4,"Matthew Golden, WR (GB)"
2026,1331774630620332032,2,11,133177463062033203211,10229,12.3,5,"Rashee Rice, WR (KC)"
2026,1331774630620332032,2,11,133177463062033203211,11631,7.0,6,"Brian Thomas, WR (JAX)"
2026,1331774630620332032,2,11,133177463062033203211,12506,10.4,7,"Harold Fannin, TE (CLE)"
2026,1331774630620332032,2,11,133177463062033203211,6806,3.6,8,"J.K. Dobbins, RB (DEN)"
2026,1331774630620332032,2,11,133177463062033203211,12533,5.8,9,"Jacory Croskey-Merritt, RB (WAS)"
2026,1331774630620332032,2,11,133177463062033203211,11533,16.0,10,"Brandon Aubrey, K (DAL)"
2026,1331774630620332032,2,11,133177463062033203211,TB,4.0,11,"Tampa Bay Buccaneers, DEF (TB)"
2026,1331774630620332032,2,12,133177463062033203212,4892,12.18,1,"Baker Mayfield, QB (TB)"
2026,1331774630620332032,2,12,133177463062033203212,6813,29.2,2,"Jonathan Taylor, RB (IND)"
2026,1331774630620332032,2,12,133177463062033203212,8150,14.7,3,"Kyren Williams, RB (LAR)"
2026,1331774630620332032,2,12,133177463062033203212,5927,7.0,4,"Terry McLaurin, WR (WAS)"
2026,1331774630620332032,2,12,133177463062033203212,2133,39.5,5,"Davante Adams, WR (LAR)"
2026,1331774630620332032,2,12,133177463062033203212,9756,4.1,6,"Jordan Addison, WR (MIN)"
2026,1331774630620332032,2,12,133177463062033203212,5022,1.4,7,"Dallas Goedert, TE (PHI)"
2026,1331774630620332032,2,12,133177463062033203212,11584,13.0,8,"Bucky Irving, RB (TB)"
2026,1331774630620332032,2,12,133177463062033203212,12512,9.8,9,"Quinshon Judkins, RB (CLE)"
2026,1331774630620332032,2,12,133177463062033203212,4195,8.0,10,"Jake Elliott, K (PHI)"
2026,1331774630620332032,2,12,133177463062033203212,LAC,5.0,11,"Los Angeles Chargers, DEF (LAC)"
2026,1331774630620332032,2,2,13317746306203320322,3163,27.78,1,"Jared Goff, QB (DET)"
2026,1331774630620332032,2,2,13317746306203320322,4866,3.0,2,"Saquon Barkley, RB (PHI)"
2026,1331774630620332032,2,2,13317746306203320322,13287,7.5,3,"Jeremiyah Love, RB (ARI)"
2026,1331774630620332032,2,2,13317746306203320322,4983,-0.1,4,"DJ Moore, WR (BUF)"
2026,1331774630620332032,2,2,13317746306203320322,13417,0.0,5,"De'Zhaun Stribling, WR (SF)"
2026,1331774630620332032,2,2,13317746306203320322,11618,0.0,6,"Jalen McMillan, WR (TB)"
2026,1331774630620332032,2,2,13317746306203320322,5001,26.0,7,"Dalton Schultz, TE (HOU)"
2026,1331774630620332032,2,2,13317746306203320322,4199,10.5,8,"Aaron Jones, RB (MIN)"
2026,1331774630620332032,2,2,13317746306203320322,11583,2.1,9,"Jonathon Brooks, RB (CAR)"
2026,1331774630620332032,2,2,13317746306203320322,6083,8.0,10,"Matt Gay, K (LV)"
2026,1331774630620332032,2,2,13317746306203320322,LAR,12.0,11,"Los Angeles Rams, DEF (LAR)"
2026,1331774630620332032,2,3,13317746306203320323,421,26.98,1,"Matthew Stafford, QB (LAR)"
2026,1331774630620332032,2,3,13317746306203320323,8151,23.8,2,"Kenneth Walker, RB (KC)"
2026,1331774630620332032,2,3,13317746306203320323,12534,7.8,3,"Kyle Monangai, RB (CHI)"
2026,1331774630620332032,2,3,13317746306203320323,7547,35.2,4,"Amon-Ra St. Brown, WR (DET)"
2026,1331774630620332032,2,3,13317746306203320323,7569,0.0,5,"Nico Collins, WR (HOU)"
2026,1331774630620332032,2,3,13317746306203320323,12526,15.1,6,"Tetairoa McMillan, WR (CAR)"
2026,1331774630620332032,2,3,13317746306203320323,12517,1.3,7,"Colston Loveland, TE (CHI)"
2026,1331774630620332032,2,3,13317746306203320323,5045,5.5,8,"Courtland Sutton, WR (DEN)"
2026,1331774630620332032,2,3,13317746306203320323,10236,22.5,9,"Dalton Kincaid, TE (BUF)"
2026,1331774630620332032,2,3,13317746306203320323,11539,7.0,10,"Jake Bates, K (DET)"
2026,1331774630620332032,2,3,13317746306203320323,BAL,5.0,11,"Baltimore Ravens, DEF (BAL)"
2026,1331774630620332032,2,4,13317746306203320324,4881,14.8,1,"Lamar Jackson, QB (BAL)"
2026,1331774630620332032,2,4,13317746306203320324,4034,22.6,2,"Christian McCaffrey, RB (SF)"
2026,1331774630620332032,2,4,13317746306203320324,13286,4.0,3,"Jadarian Price, RB (SEA)"
2026,1331774630620332032,2,4,13317746306203320324,6786,35.3,4,"CeeDee Lamb, WR (DAL)"
2026,1331774630620332032,2,4,13317746306203320324,8167,14.1,5,"Christian Watson, WR (GB)"
2026,1331774630620332032,2,4,13317746306203320324,8126,1.9,6,"Wan'Dale Robinson, WR (TEN)"
2026,1331774630620332032,2,4,13317746306203320324,9484,2.5,7,"Tucker Kraft, TE (GB)"
2026,1331774630620332032,2,4,13317746306203320324,4217,18.0,8,"George Kittle, TE (SF)"
2026,1331774630620332032,2,4,13317746306203320324,7594,14.4,9,"Chuba Hubbard, RB (CAR)"
2026,1331774630620332032,2,4,13317746306203320324,12713,8.0,10,"Andy Borregales, K (NE)"
2026,1331774630620332032,2,4,13317746306203320324,CLE,7.0,11,"Cleveland Browns, DEF (CLE)"
2026,1331774630620332032,2,5,13317746306203320325,7523,6.16,1,"Trevor Lawrence, QB (JAX)"
2026,1331774630620332032,2,5,13317746306203320325,12527,10.3,2,"Ashton Jeanty, RB (LV)"
2026,1331774630620332032,2,5,13317746306203320325,8155,14.2,3,"Breece Hall, RB (NYJ)"
2026,1331774630620332032,2,5,13317746306203320325,8144,22.6,4,"Chris Olave, WR (NO)"
2026,1331774630620332032,2,5,13317746306203320325,9997,0.0,5,"Zay Flowers, WR (BAL)"
2026,1331774630620332032,2,5,13317746306203320325,11620,7.3,6,"Rome Odunze, WR (CHI)"
2026,1331774630620332032,2,5,13317746306203320325,8130,18.1,7,"Trey McBride, TE (ARI)"
2026,1331774630620332032,2,5,13317746306203320325,7543,7.1,8,"Travis Etienne, RB (NO)"
2026,1331774630620332032,2,5,13317746306203320325,7553,2.5,9,"Kyle Pitts, TE (ATL)"
2026,1331774630620332032,2,5,13317746306203320325,1945,4.0,10,"Chris Boswell, K (PIT)"
2026,1331774630620332032,2,5,13317746306203320325,LV,16.0,11,"Las Vegas Raiders, DEF (LV)"
2026,1331774630620332032,2,6,13317746306203320326,11566,13.74,1,"Jayden Daniels, QB (WAS)"
2026,1331774630620332032,2,6,13317746306203320326,3198,17.7,2,"Derrick Henry, RB (BAL)"
2026,1331774630620332032,2,6,13317746306203320326,13305,0.7,3,"Mike Washington, RB (LV)"
2026,1331774630620332032,2,6,13317746306203320326,6801,14.5,4,"Tee Higgins, WR (CIN)"
2026,1331774630620332032,2,6,13317746306203320326,9487,15.8,5,"Parker Washington, WR (JAX)"
2026,1331774630620332032,2,6,13317746306203320326,8148,5.3,6,"Jameson Williams, WR (DET)"
2026,1331774630620332032,2,6,13317746306203320326,7002,10.6,7,"Juwan Johnson, TE (NO)"
2026,1331774630620332032,2,6,13317746306203320326,8180,1.9,8,"Jalen Nailor, WR (LV)"
2026,1331774630620332032,2,6,13317746306203320326,11628,0.0,9,"Marvin Harrison, WR (ARI)"
2026,1331774630620332032,2,6,13317746306203320326,8259,1.0,10,"Cameron Dicker, K (LAC)"
2026,1331774630620332032,2,6,13317746306203320326,GB,7.0,11,"Green Bay Packers, DEF (GB)"
2026,1331774630620332032,2,7,13317746306203320327,11560,6.72,1,"Caleb Williams, QB (CHI)"
2026,1331774630620332032,2,7,13317746306203320327,9221,23.3,2,"Jahmyr Gibbs, RB (DET)"
2026,1331774630620332032,2,7,13317746306203320327,12529,13.6,3,"TreVeyon Henderson, RB (NE)"
2026,1331774630620332032,2,7,13317746306203320327,9493,0.0,4,"Puka Nacua, WR (LAR)"
2026,1331774630620332032,2,7,13317746306203320327,8146,16.7,5,"Garrett Wilson, WR (NYJ)"
2026,1331774630620332032,2,7,13317746306203320327,2216,8.4,6,"Mike Evans, WR (SF)"
2026,1331774630620332032,2,7,13317746306203320327,8131,8.3,7,"Isaiah Likely, TE (NYG)"
2026,1331774630620332032,2,7,13317746306203320327,5892,4.4,8,"David Montgomery, RB (HOU)"
2026,1331774630620332032,2,7,13317746306203320327,13281,0.0,9,"Jordyn Tyson, WR (NO)"
2026,1331774630620332032,2,7,13317746306203320327,12711,5.0,10,"Tyler Loop, K (BAL)"
2026,1331774630620332032,2,7,13317746306203320327,NO,8.0,11,"New Orleans Saints, DEF (NO)"
2026,1331774630620332032,2,8,13317746306203320328,6804,12.8,1,"Jordan Love, QB (GB)"
2026,1331774630620332032,2,8,13317746306203320328,8138,20.9,2,"James Cook, RB (BUF)"
2026,1331774630620332032,2,8,13317746306203320328,9226,12.3,3,"De'Von Achane, RB (MIA)"
2026,1331774630620332032,2,8,13317746306203320328,7564,26.5,4,"Ja'Marr Chase, WR (CIN)"
2026,1331774630620332032,2,8,13317746306203320328,8112,8.9,5,"Drake London, WR (ATL)"
2026,1331774630620332032,2,8,13317746306203320328,7525,27.7,6,"DeVonta Smith, WR (PHI)"
2026,1331774630620332032,2,8,13317746306203320328,12518,14.4,7,"Tyler Warren, TE (IND)"
2026,1331774630620332032,2,8,13317746306203320328,7526,21.8,8,"Jaylen Waddle, WR (DEN)"
2026,1331774630620332032,2,8,13317746306203320328,11635,6.5,9,"Ladd McConkey, WR (LAC)"
2026,1331774630620332032,2,8,13317746306203320328,3451,6.0,10,"Ka'imi Fairbairn, K (HOU)"
2026,1331774630620332032,2,8,13317746306203320328,SEA,10.0,11,"Seattle Seahawks, DEF (SEA)"
2026,1331774630620332032,2,9,13317746306203320329,6797,4.88,1,"Justin Herbert, QB (LAC)"
2026,1331774630620332032,2,9,13317746306203320329,12507,16.5,2,"Omarion Hampton, RB (LAC)"
2026,1331774630620332032,2,9,13317746306203320329,8154,8.7,3,"Brian Robinson, RB (ATL)"
2026,1331774630620332032,2,9,13317746306203320329,9488,42.5,4,"Jaxon Smith-Njigba, WR (SEA)"
2026,1331774630620332032,2,9,13317746306203320329,6794,8.5,5,"Justin Jefferson, WR (MIN)"
2026,1331774630620332032,2,9,13317746306203320329,12519,6.2,6,"Luther Burden, WR (CHI)"
2026,1331774630620332032,2,9,13317746306203320329,8210,0.0,7,"Chig Okonkwo, TE (WAS)"
2026,1331774630620332032,2,9,13317746306203320329,13279,5.7,8,"Carnell Tate, WR (TEN)"
2026,1331774630620332032,2,9,13317746306203320329,4037,8.8,9,"Chris Godwin, WR (TB)"
2026,1331774630620332032,2,9,13317746306203320329,11786,7.0,10,"Cam Little, K (JAX)"
2026,1331774630620332032,2,9,13317746306203320329,ARI,3.0,11,"Arizona Cardinals, DEF (ARI)"
2026,1331774695346823168,2,1,13317746953468231681,6904,16.16,1,"Jalen Hurts, QB (PHI)"
2026,1331774695346823168,2,1,13317746953468231681,6813,29.2,2,"Jonathan Taylor, RB (IND)"
2026,1331774695346823168,2,1,13317746953468231681,5967,7.5,3,"Tony Pollard, RB (TEN)"
2026,1331774695346823168,2,1,13317746953468231681,8112,8.9,4,"Drake London, WR (ATL)"
2026,1331774695346823168,2,1,13317746953468231681,9504,6.7,5,"Kayshon Boutte, WR (HOU)"
2026,1331774695346823168,2,1,13317746953468231681,11632,1.1,6,"Malik Nabers, WR (NYG)"
2026,1331774695346823168,2,1,13317746953468231681,12517,1.3,7,"Colston Loveland, TE (CHI)"
2026,1331774695346823168,2,1,13317746953468231681,9480,3.7,8,"Brenton Strange, TE (JAX)"
2026,1331774695346823168,2,1,13317746953468231681,6806,3.6,9,"J.K. Dobbins, RB (DEN)"
2026,1331774695346823168,2,1,13317746953468231681,11533,16.0,10,"Brandon Aubrey, K (DAL)"
2026,1331774695346823168,2,1,13317746953468231681,PHI,6.0,11,"Philadelphia Eagles, DEF (PHI)"
2026,1331774695346823168,2,10,133177469534682316810,4881,14.8,1,"Lamar Jackson, QB (BAL)"
2026,1331774695346823168,2,10,133177469534682316810,11586,9.2,2,"Blake Corum, RB (LAR)"
2026,1331774695346823168,2,10,133177469534682316810,5995,3.8,3,"Justice Hill, RB (BAL)"
2026,1331774695346823168,2,10,133177469534682316810,7564,26.5,4,"Ja'Marr Chase, WR (CIN)"
2026,1331774695346823168,2,10,133177469534682316810,6794,8.5,5,"Justin Jefferson, WR (MIN)"
2026,1331774695346823168,2,10,133177469534682316810,8137,10.0,6,"George Pickens, WR (DAL)"
2026,1331774695346823168,2,10,133177469534682316810,8130,18.1,7,"Trey McBride, TE (ARI)"
2026,1331774695346823168,2,10,133177469534682316810,7526,21.8,8,"Jaylen Waddle, WR (DEN)"
2026,1331774695346823168,2,10,133177469534682316810,11624,13.5,9,"Xavier Worthy, WR (KC)"
2026,1331774695346823168,2,10,133177469534682316810,4666,0.0,10,
2026,1331774695346823168,2,10,133177469534682316810,BUF,3.0,11,"Buffalo Bills, DEF (BUF)"
2026,1331774695346823168,2,11,133177469534682316811,4046,28.98,1,"Patrick Mahomes, QB (KC)"
2026,1331774695346823168,2,11,133177469534682316811,12529,13.6,2,"TreVeyon Henderson, RB (NE)"
2026,1331774695346823168,2,11,133177469534682316811,12533,5.8,3,"Jacory Croskey-Merritt, RB (WAS)"
2026,1331774695346823168,2,11,133177469534682316811,7525,27.7,4,"DeVonta Smith, WR (PHI)"
2026,1331774695346823168,2,11,133177469534682316811,10222,1.4,5,"Jayden Reed, WR (GB)"
2026,1331774695346823168,2,11,133177469534682316811,11620,7.3,6,"Rome Odunze, WR (CHI)"
2026,1331774695346823168,2,11,133177469534682316811,9484,2.5,7,"Tucker Kraft, TE (GB)"
2026,1331774695346823168,2,11,133177469534682316811,11834,11.4,8,"Devaughn Vele, WR (NO)"
2026,1331774695346823168,2,11,133177469534682316811,8126,1.9,9,"Wan'Dale Robinson, WR (TEN)"
2026,1331774695346823168,2,11,133177469534682316811,5189,5.0,10,"Eddy Pineiro, K (SF)"
2026,1331774695346823168,2,11,133177469534682316811,LAC,5.0,11,"Los Angeles Chargers, DEF (LAC)"
2026,1331774695346823168,2,12,133177469534682316812,9758,17.02,1,"C.J. Stroud, QB (HOU)"
2026,1331774695346823168,2,12,133177469534682316812,3198,17.7,2,"Derrick Henry, RB (BAL)"
2026,1331774695346823168,2,12,133177469534682316812,8228,9.7,3,"Jaylen Warren, RB (PIT)"
2026,1331774695346823168,2,12,133177469534682316812,5927,7.0,4,"Terry McLaurin, WR (WAS)"
2026,1331774695346823168,2,12,133177469534682316812,5872,6.5,5,"Deebo Samuel, WR (SF)"
2026,1331774695346823168,2,12,133177469534682316812,7571,21.8,6,"Rashod Bateman, WR (BAL)"
2026,1331774695346823168,2,12,133177469534682316812,4217,18.0,7,"George Kittle, TE (SF)"
2026,1331774695346823168,2,12,133177469534682316812,13414,2.5,8,"Kaelon Black, RB (SF)"
2026,1331774695346823168,2,12,133177469534682316812,4035,7.2,9,"Alvin Kamara, RB (NO)"
2026,1331774695346823168,2,12,133177469534682316812,6083,8.0,10,"Matt Gay, K (LV)"
2026,1331774695346823168,2,12,133177469534682316812,SF,10.0,11,"San Francisco 49ers, DEF (SF)"
2026,1331774695346823168,2,2,13317746953468231682,4892,12.18,1,"Baker Mayfield, QB (TB)"
2026,1331774695346823168,2,2,13317746953468231682,4866,3.0,2,"Saquon Barkley, RB (PHI)"
2026,1331774695346823168,2,2,13317746953468231682,9224,11.2,3,"Chase Brown, RB (CIN)"
2026,1331774695346823168,2,2,13317746953468231682,8146,16.7,4,"Garrett Wilson, WR (NYJ)"
2026,1331774695346823168,2,2,13317746953468231682,2133,39.5,5,"Davante Adams, WR (LAR)"
2026,1331774695346823168,2,2,13317746953468231682,5846,6.7,6,"DK Metcalf, WR (PIT)"
2026,1331774695346823168,2,2,13317746953468231682,5012,10.9,7,"Mark Andrews, TE (BAL)"
2026,1331774695346823168,2,2,13317746953468231682,6819,0.0,8,"Michael Pittman, WR (PIT)"
2026,1331774695346823168,2,2,13317746953468231682,7611,2.6,9,"Rhamondre Stevenson, RB (NE)"
2026,1331774695346823168,2,2,13317746953468231682,7839,12.0,10,"Evan McPherson, K (CIN)"
2026,1331774695346823168,2,2,13317746953468231682,BAL,5.0,11,"Baltimore Ravens, DEF (BAL)"
2026,1331774695346823168,2,3,13317746953468231683,11564,8.02,1,"Drake Maye, QB (NE)"
2026,1331774695346823168,2,3,13317746953468231683,4034,22.6,2,"Christian McCaffrey, RB (SF)"
2026,1331774695346823168,2,3,13317746953468231683,9226,12.3,3,"De'Von Achane, RB (MIA)"
2026,1331774695346823168,2,3,13317746953468231683,9488,42.5,4,"Jaxon Smith-Njigba, WR (SEA)"
2026,1331774695346823168,2,3,13317746953468231683,2449,21.7,5,"Stefon Diggs, WR (WAS)"
2026,1331774695346823168,2,3,13317746953468231683,10232,3.8,6,"Michael Wilson, WR (ARI)"
2026,1331774695346823168,2,3,13317746953468231683,1466,25.1,7,"Travis Kelce, TE (KC)"
2026,1331774695346823168,2,3,13317746953468231683,5022,1.4,8,"Dallas Goedert, TE (PHI)"
2026,1331774695346823168,2,3,13317746953468231683,5892,4.4,9,"David Montgomery, RB (HOU)"
2026,1331774695346823168,2,3,13317746953468231683,3451,6.0,10,"Ka'imi Fairbairn, K (HOU)"
2026,1331774695346823168,2,3,13317746953468231683,CAR,25.0,11,"Carolina Panthers, DEF (CAR)"
2026,1331774695346823168,2,4,13317746953468231684,8183,28.48,1,"Brock Purdy, QB (SF)"
2026,1331774695346823168,2,4,13317746953468231684,9221,23.3,2,"Jahmyr Gibbs, RB (DET)"
2026,1331774695346823168,2,4,13317746953468231684,13287,7.5,3,"Jeremiyah Love, RB (ARI)"
2026,1331774695346823168,2,4,13317746953468231684,11635,6.5,4,"Ladd McConkey, WR (LAC)"
2026,1331774695346823168,2,4,13317746953468231684,8167,14.1,5,"Christian Watson, WR (GB)"
2026,1331774695346823168,2,4,13317746953468231684,9756,4.1,6,"Jordan Addison, WR (MIN)"
2026,1331774695346823168,2,4,13317746953468231684,11604,0.0,7,"Brock Bowers, TE (LV)"
2026,1331774695346823168,2,4,13317746953468231684,7543,7.1,8,"Travis Etienne, RB (NO)"
2026,1331774695346823168,2,4,13317746953468231684,12481,8.5,9,"Cam Skattebo, RB (NYG)"
2026,1331774695346823168,2,4,13317746953468231684,4227,16.0,10,"Harrison Butker, K (KC)"
2026,1331774695346823168,2,4,13317746953468231684,PIT,10.0,11,"Pittsburgh Steelers, DEF (PIT)"
2026,1331774695346823168,2,5,13317746953468231685,11560,6.72,1,"Caleb Williams, QB (CHI)"
2026,1331774695346823168,2,5,13317746953468231685,9509,11.1,2,"Bijan Robinson, RB (ATL)"
2026,1331774695346823168,2,5,13317746953468231685,8138,20.9,3,"James Cook, RB (BUF)"
2026,1331774695346823168,2,5,13317746953468231685,12526,15.1,4,"Tetairoa McMillan, WR (CAR)"
2026,1331774695346823168,2,5,13317746953468231685,12519,6.2,5,"Luther Burden, WR (CHI)"
2026,1331774695346823168,2,5,13317746953468231685,8148,5.3,6,"Jameson Williams, WR (DET)"
2026,1331774695346823168,2,5,13317746953468231685,8131,8.3,7,"Isaiah Likely, TE (NYG)"
2026,1331774695346823168,2,5,13317746953468231685,9500,14.2,8,"Josh Downs, WR (IND)"
2026,1331774695346823168,2,5,13317746953468231685,9487,15.8,9,"Parker Washington, WR (JAX)"
2026,1331774695346823168,2,5,13317746953468231685,12711,5.0,10,"Tyler Loop, K (BAL)"
2026,1331774695346823168,2,5,13317746953468231685,SEA,10.0,11,"Seattle Seahawks, DEF (SEA)"
2026,1331774695346823168,2,6,13317746953468231686,4984,39.82,1,"Josh Allen, QB (BUF)"
2026,1331774695346823168,2,6,13317746953468231686,8155,14.2,2,"Breece Hall, RB (NYJ)"
2026,1331774695346823168,2,6,13317746953468231686,12512,9.8,3,"Quinshon Judkins, RB (CLE)"
2026,1331774695346823168,2,6,13317746953468231686,0,0.0,4,
2026,1331774695346823168,2,6,13317746953468231686,8144,22.6,5,"Chris Olave, WR (NO)"
2026,1331774695346823168,2,6,13317746953468231686,12514,10.3,6,"Emeka Egbuka, WR (TB)"
2026,1331774695346823168,2,6,13317746953468231686,7553,2.5,7,"Kyle Pitts, TE (ATL)"
2026,1331774695346823168,2,6,13317746953468231686,4983,-0.1,8,"DJ Moore, WR (BUF)"
2026,1331774695346823168,2,6,13317746953468231686,11628,0.0,9,"Marvin Harrison, WR (ARI)"
2026,1331774695346823168,2,6,13317746953468231686,650,3.0,10,"Nick Folk, K (ATL)"
2026,1331774695346823168,2,6,13317746953468231686,IND,-5.0,11,"Indianapolis Colts, DEF (IND)"
2026,1331774695346823168,2,7,13317746953468231687,3163,27.78,1,"Jared Goff, QB (DET)"
2026,1331774695346823168,2,7,13317746953468231687,12507,16.5,2,"Omarion Hampton, RB (LAC)"
2026,1331774695346823168,2,7,13317746953468231687,8150,14.7,3,"Kyren Williams, RB (LAR)"
2026,1331774695346823168,2,7,13317746953468231687,7547,35.2,4,"Amon-Ra St. Brown, WR (DET)"
2026,1331774695346823168,2,7,13317746953468231687,6786,35.3,5,"CeeDee Lamb, WR (DAL)"
2026,1331774695346823168,2,7,13317746953468231687,12501,9.8,6,"Matthew Golden, WR (GB)"
2026,1331774695346823168,2,7,13317746953468231687,10859,17.2,7,"Sam LaPorta, TE (DET)"
2026,1331774695346823168,2,7,13317746953468231687,6790,11.9,8,"D'Andre Swift, RB (CHI)"
2026,1331774695346823168,2,7,13317746953468231687,12534,7.8,9,"Kyle Monangai, RB (CHI)"
2026,1331774695346823168,2,7,13317746953468231687,12185,14.0,10,"Spencer Shrader, K (IND)"
2026,1331774695346823168,2,7,13317746953468231687,CHI,8.0,11,"Chicago Bears, DEF (CHI)"
2026,1331774695346823168,2,8,13317746953468231688,6797,4.88,1,"Justin Herbert, QB (LAC)"
2026,1331774695346823168,2,8,13317746953468231688,8151,23.8,2,"Kenneth Walker, RB (KC)"
2026,1331774695346823168,2,8,13317746953468231688,12527,10.3,3,"Ashton Jeanty, RB (LV)"
2026,1331774695346823168,2,8,13317746953468231688,6801,14.5,4,"Tee Higgins, WR (CIN)"
2026,1331774695346823168,2,8,13317746953468231688,2216,8.4,5,"Mike Evans, WR (SF)"
2026,1331774695346823168,2,8,13317746953468231688,4454,3.1,6,"Kendrick Bourne, WR (ARI)"
2026,1331774695346823168,2,8,13317746953468231688,7002,10.6,7,"Juwan Johnson, TE (NO)"
2026,1331774695346823168,2,8,13317746953468231688,7594,14.4,8,"Chuba Hubbard, RB (CAR)"
2026,1331774695346823168,2,8,13317746953468231688,12518,14.4,9,"Tyler Warren, TE (IND)"
2026,1331774695346823168,2,8,13317746953468231688,6650,16.0,10,"Chase McLaughlin, K (TB)"
2026,1331774695346823168,2,8,13317746953468231688,LAR,12.0,11,"Los Angeles Rams, DEF (LAR)"
2026,1331774695346823168,2,9,13317746953468231689,11566,13.74,1,"Jayden Daniels, QB (WAS)"
2026,1331774695346823168,2,9,13317746953468231689,7588,8.0,2,"Javonte Williams, RB (DAL)"
2026,1331774695346823168,2,9,13317746953468231689,11584,13.0,3,"Bucky Irving, RB (TB)"
2026,1331774695346823168,2,9,13317746953468231689,10229,12.3,4,"Rashee Rice, WR (KC)"
2026,1331774695346823168,2,9,13317746953468231689,13296,3.9,5,"Caleb Douglas, WR (MIA)"
2026,1331774695346823168,2,9,13317746953468231689,8142,2.1,6,"Alec Pierce, WR (IND)"
2026,1331774695346823168,2,9,13317746953468231689,11603,7.9,7,"AJ Barner, TE (SEA)"
2026,1331774695346823168,2,9,13317746953468231689,9486,12.4,8,"Dontayvion Wicks, WR (PHI)"
2026,1331774695346823168,2,9,13317746953468231689,8134,6.8,9,"Khalil Shakir, WR (BUF)"
2026,1331774695346823168,2,9,13317746953468231689,8259,1.0,10,"Cameron Dicker, K (LAC)"
2026,1331774695346823168,2,9,13317746953468231689,TB,4.0,11,"Tampa Bay Buccaneers, DEF (TB)"
2026,1331774741488369664,2,1,13317747414883696641,8183,28.48,1,"Brock Purdy, QB (SF)"
2026,1331774741488369664,2,1,13317747414883696641,12527,10.3,2,"Ashton Jeanty, RB (LV)"
2026,1331774741488369664,2,1,13317747414883696641,13287,7.5,3,"Jeremiyah Love, RB (ARI)"
2026,1331774741488369664,2,1,13317747414883696641,12526,15.1,4,"Tetairoa McMillan, WR (CAR)"
2026,1331774741488369664,2,1,13317747414883696641,6801,14.5,5,"Tee Higgins, WR (CIN)"
2026,1331774741488369664,2,1,13317747414883696641,12519,6.2,6,"Luther Burden, WR (CHI)"
2026,1331774741488369664,2,1,13317747414883696641,12517,1.3,7,"Colston Loveland, TE (CHI)"
2026,1331774741488369664,2,1,13317747414883696641,11646,14.6,8,"Jalen Coker, WR (CAR)"
2026,1331774741488369664,2,1,13317747414883696641,11620,7.3,9,"Rome Odunze, WR (CHI)"
2026,1331774741488369664,2,1,13317747414883696641,11533,16.0,10,"Brandon Aubrey, K (DAL)"
2026,1331774741488369664,2,1,13317747414883696641,DEN,9.0,11,"Denver Broncos, DEF (DEN)"
2026,1331774741488369664,2,10,133177474148836966410,6797,4.88,1,"Justin Herbert, QB (LAC)"
2026,1331774741488369664,2,10,133177474148836966410,5892,4.4,2,"David Montgomery, RB (HOU)"
2026,1331774741488369664,2,10,133177474148836966410,7611,2.6,3,"Rhamondre Stevenson, RB (NE)"
2026,1331774741488369664,2,10,133177474148836966410,2133,39.5,4,"Davante Adams, WR (LAR)"
2026,1331774741488369664,2,10,133177474148836966410,13298,8.2,5,"KC Concepcion, WR (CLE)"
2026,1331774741488369664,2,10,133177474148836966410,8180,1.9,6,"Jalen Nailor, WR (LV)"
2026,1331774741488369664,2,10,133177474148836966410,1466,25.1,7,"Travis Kelce, TE (KC)"
2026,1331774741488369664,2,10,133177474148836966410,6790,11.9,8,"D'Andre Swift, RB (CHI)"
2026,1331774741488369664,2,10,133177474148836966410,13414,2.5,9,"Kaelon Black, RB (SF)"
2026,1331774741488369664,2,10,133177474148836966410,2747,7.0,10,"Jason Myers, K (SEA)"
2026,1331774741488369664,2,10,133177474148836966410,LAC,5.0,11,"Los Angeles Chargers, DEF (LAC)"
2026,1331774741488369664,2,11,133177474148836966411,4984,39.82,1,"Josh Allen, QB (BUF)"
2026,1331774741488369664,2,11,133177474148836966411,4034,22.6,2,"Christian McCaffrey, RB (SF)"
2026,1331774741488369664,2,11,133177474148836966411,8228,9.7,3,"Jaylen Warren, RB (PIT)"
2026,1331774741488369664,2,11,133177474148836966411,6794,8.5,4,"Justin Jefferson, WR (MIN)"
2026,1331774741488369664,2,11,133177474148836966411,8146,16.7,5,"Garrett Wilson, WR (NYJ)"
2026,1331774741488369664,2,11,133177474148836966411,4983,-0.1,6,"DJ Moore, WR (BUF)"
2026,1331774741488369664,2,11,133177474148836966411,5012,10.9,7,"Mark Andrews, TE (BAL)"
2026,1331774741488369664,2,11,133177474148836966411,13279,5.7,8,"Carnell Tate, WR (TEN)"
2026,1331774741488369664,2,11,133177474148836966411,4199,10.5,9,"Aaron Jones, RB (MIN)"
2026,1331774741488369664,2,11,133177474148836966411,3451,6.0,10,"Ka'imi Fairbairn, K (HOU)"
2026,1331774741488369664,2,11,133177474148836966411,BAL,5.0,11,"Baltimore Ravens, DEF (BAL)"
2026,1331774741488369664,2,12,133177474148836966412,6770,16.18,1,"Joe Burrow, QB (CIN)"
2026,1331774741488369664,2,12,133177474148836966412,6813,29.2,2,"Jonathan Taylor, RB (IND)"
2026,1331774741488369664,2,12,133177474148836966412,11584,13.0,3,"Bucky Irving, RB (TB)"
2026,1331774741488369664,2,12,133177474148836966412,7564,26.5,4,"Ja'Marr Chase, WR (CIN)"
2026,1331774741488369664,2,12,133177474148836966412,10229,12.3,5,"Rashee Rice, WR (KC)"
2026,1331774741488369664,2,12,133177474148836966412,5846,6.7,6,"DK Metcalf, WR (PIT)"
2026,1331774741488369664,2,12,133177474148836966412,12506,10.4,7,"Harold Fannin, TE (CLE)"
2026,1331774741488369664,2,12,133177474148836966412,3634,9.0,8,"Kalif Raymond, WR (CHI)"
2026,1331774741488369664,2,12,133177474148836966412,9504,6.7,9,"Kayshon Boutte, WR (HOU)"
2026,1331774741488369664,2,12,133177474148836966412,11539,7.0,10,"Jake Bates, K (DET)"
2026,1331774741488369664,2,12,133177474148836966412,JAX,2.0,11,"Jacksonville Jaguars, DEF (JAX)"
2026,1331774741488369664,2,2,13317747414883696642,11566,13.74,1,"Jayden Daniels, QB (WAS)"
2026,1331774741488369664,2,2,13317747414883696642,13286,4.0,2,"Jadarian Price, RB (SEA)"
2026,1331774741488369664,2,2,13317747414883696642,11581,7.6,3,"MarShawn Lloyd, RB (GB)"
2026,1331774741488369664,2,2,13317747414883696642,8137,10.0,4,"George Pickens, WR (DAL)"
2026,1331774741488369664,2,2,13317747414883696642,5927,7.0,5,"Terry McLaurin, WR (WAS)"
2026,1331774741488369664,2,2,13317747414883696642,2216,8.4,6,"Mike Evans, WR (SF)"
2026,1331774741488369664,2,2,13317747414883696642,2505,18.3,7,"Darren Waller, TE (CAR)"
2026,1331774741488369664,2,2,13317747414883696642,9756,4.1,8,"Jordan Addison, WR (MIN)"
2026,1331774741488369664,2,2,13317747414883696642,4037,8.8,9,"Chris Godwin, WR (TB)"
2026,1331774741488369664,2,2,13317747414883696642,6650,16.0,10,"Chase McLaughlin, K (TB)"
2026,1331774741488369664,2,2,13317747414883696642,SF,10.0,11,"San Francisco 49ers, DEF (SF)"
2026,1331774741488369664,2,3,13317747414883696643,12508,0.8,1,"Jaxson Dart, QB (NYG)"
2026,1331774741488369664,2,3,13317747414883696643,9221,23.3,2,"Jahmyr Gibbs, RB (DET)"
2026,1331774741488369664,2,3,13317747414883696643,12507,16.5,3,"Omarion Hampton, RB (LAC)"
2026,1331774741488369664,2,3,13317747414883696643,5947,3.8,4,"Jakobi Meyers, WR (JAX)"
2026,1331774741488369664,2,3,13317747414883696643,3286,6.4,5,"Demarcus Robinson, WR (SF)"
2026,1331774741488369664,2,3,13317747414883696643,13294,1.9,6,"Makai Lemon, WR (PHI)"
2026,1331774741488369664,2,3,13317747414883696643,11597,0.0,7,"Theo Johnson, TE (NYG)"
2026,1331774741488369664,2,3,13317747414883696643,8150,14.7,8,"Kyren Williams, RB (LAR)"
2026,1331774741488369664,2,3,13317747414883696643,12481,8.5,9,"Cam Skattebo, RB (NYG)"
2026,1331774741488369664,2,3,13317747414883696643,6083,8.0,10,"Matt Gay, K (LV)"
2026,1331774741488369664,2,3,13317747414883696643,TB,4.0,11,"Tampa Bay Buccaneers, DEF (TB)"
2026,1331774741488369664,2,4,13317747414883696644,5870,11.4,1,"Daniel Jones, QB (IND)"
2026,1331774741488369664,2,4,13317747414883696644,9509,11.1,2,"Bijan Robinson, RB (ATL)"
2026,1331774741488369664,2,4,13317747414883696644,8155,14.2,3,"Breece Hall, RB (NYJ)"
2026,1331774741488369664,2,4,13317747414883696644,7526,21.8,4,"Jaylen Waddle, WR (DEN)"
2026,1331774741488369664,2,4,13317747414883696644,8167,14.1,5,"Christian Watson, WR (GB)"
2026,1331774741488369664,2,4,13317747414883696644,11628,0.0,6,"Marvin Harrison, WR (ARI)"
2026,1331774741488369664,2,4,13317747414883696644,8130,18.1,7,"Trey McBride, TE (ARI)"
2026,1331774741488369664,2,4,13317747414883696644,10236,22.5,8,"Dalton Kincaid, TE (BUF)"
2026,1331774741488369664,2,4,13317747414883696644,12529,13.6,9,"TreVeyon Henderson, RB (NE)"
2026,1331774741488369664,2,4,13317747414883696644,12713,8.0,10,"Andy Borregales, K (NE)"
2026,1331774741488369664,2,4,13317747414883696644,IND,-5.0,11,"Indianapolis Colts, DEF (IND)"
2026,1331774741488369664,2,5,13317747414883696645,3294,29.76,1,"Dak Prescott, QB (DAL)"
2026,1331774741488369664,2,5,13317747414883696645,7588,8.0,2,"Javonte Williams, RB (DAL)"
2026,1331774741488369664,2,5,13317747414883696645,12512,9.8,3,"Quinshon Judkins, RB (CLE)"
2026,1331774741488369664,2,5,13317747414883696645,11631,7.0,4,"Brian Thomas, WR (JAX)"
2026,1331774741488369664,2,5,13317747414883696645,6786,35.3,5,"CeeDee Lamb, WR (DAL)"
2026,1331774741488369664,2,5,13317747414883696645,11632,1.1,6,"Malik Nabers, WR (NYG)"
2026,1331774741488369664,2,5,13317747414883696645,10859,17.2,7,"Sam LaPorta, TE (DET)"
2026,1331774741488369664,2,5,13317747414883696645,8144,22.6,8,"Chris Olave, WR (NO)"
2026,1331774741488369664,2,5,13317747414883696645,7525,27.7,9,"DeVonta Smith, WR (PHI)"
2026,1331774741488369664,2,5,13317747414883696645,5189,5.0,10,"Eddy Pineiro, K (SF)"
2026,1331774741488369664,2,5,13317747414883696645,PHI,6.0,11,"Philadelphia Eagles, DEF (PHI)"
2026,1331774741488369664,2,6,13317747414883696646,11563,14.12,1,"Bo Nix, QB (DEN)"
2026,1331774741488369664,2,6,13317747414883696646,9226,12.3,2,"De'Von Achane, RB (MIA)"
2026,1331774741488369664,2,6,13317747414883696646,9224,11.2,3,"Chase Brown, RB (CIN)"
2026,1331774741488369664,2,6,13317747414883696646,12514,10.3,4,"Emeka Egbuka, WR (TB)"
2026,1331774741488369664,2,6,13317747414883696646,2449,21.7,5,"Stefon Diggs, WR (WAS)"
2026,1331774741488369664,2,6,13317747414883696646,1479,1.5,6,"Keenan Allen, WR (IND)"
2026,1331774741488369664,2,6,13317747414883696646,9484,2.5,7,"Tucker Kraft, TE (GB)"
2026,1331774741488369664,2,6,13317747414883696646,3198,17.7,8,"Derrick Henry, RB (BAL)"
2026,1331774741488369664,2,6,13317747414883696646,4217,18.0,9,"George Kittle, TE (SF)"
2026,1331774741488369664,2,6,13317747414883696646,4227,16.0,10,"Harrison Butker, K (KC)"
2026,1331774741488369664,2,6,13317747414883696646,KC,1.0,11,"Kansas City Chiefs, DEF (KC)"
2026,1331774741488369664,2,7,13317747414883696647,6904,16.16,1,"Jalen Hurts, QB (PHI)"
2026,1331774741488369664,2,7,13317747414883696647,4147,3.2,2,"Samaje Perine, RB (CIN)"
2026,1331774741488369664,2,7,13317747414883696647,12544,0.0,3,"LeQuint Allen, RB (JAX)"
2026,1331774741488369664,2,7,13317747414883696647,9488,42.5,4,"Jaxon Smith-Njigba, WR (SEA)"
2026,1331774741488369664,2,7,13317747414883696647,9487,15.8,5,"Parker Washington, WR (JAX)"
2026,1331774741488369664,2,7,13317747414883696647,10222,1.4,6,"Jayden Reed, WR (GB)"
2026,1331774741488369664,2,7,13317747414883696647,5001,26.0,7,"Dalton Schultz, TE (HOU)"
2026,1331774741488369664,2,7,13317747414883696647,12501,9.8,8,"Matthew Golden, WR (GB)"
2026,1331774741488369664,2,7,13317747414883696647,11783,7.3,9,"Ryan Flournoy, WR (DAL)"
2026,1331774741488369664,2,7,13317747414883696647,8259,1.0,10,"Cameron Dicker, K (LAC)"
2026,1331774741488369664,2,7,13317747414883696647,CHI,8.0,11,"Chicago Bears, DEF (CHI)"
2026,1331774741488369664,2,8,13317747414883696648,4881,14.8,1,"Lamar Jackson, QB (BAL)"
2026,1331774741488369664,2,8,13317747414883696648,8138,20.9,2,"James Cook, RB (BUF)"
2026,1331774741488369664,2,8,13317747414883696648,7594,14.4,3,"Chuba Hubbard, RB (CAR)"
2026,1331774741488369664,2,8,13317747414883696648,8112,8.9,4,"Drake London, WR (ATL)"
2026,1331774741488369664,2,8,13317747414883696648,9754,2.4,5,"Quentin Johnston, WR (LAC)"
2026,1331774741488369664,2,8,13317747414883696648,5872,6.5,6,"Deebo Samuel, WR (SF)"
2026,1331774741488369664,2,8,13317747414883696648,12518,14.4,7,"Tyler Warren, TE (IND)"
2026,1331774741488369664,2,8,13317747414883696648,8142,2.1,8,"Alec Pierce, WR (IND)"
2026,1331774741488369664,2,8,13317747414883696648,11834,11.4,9,"Devaughn Vele, WR (NO)"
2026,1331774741488369664,2,8,13317747414883696648,12711,5.0,10,"Tyler Loop, K (BAL)"
2026,1331774741488369664,2,8,13317747414883696648,LAR,12.0,11,"Los Angeles Rams, DEF (LAR)"
2026,1331774741488369664,2,9,13317747414883696649,3257,6.5,1,"Jacoby Brissett, QB (ARI)"
2026,1331774741488369664,2,9,13317747414883696649,8151,23.8,2,"Kenneth Walker, RB (KC)"
2026,1331774741488369664,2,9,13317747414883696649,7543,7.1,3,"Travis Etienne, RB (NO)"
2026,1331774741488369664,2,9,13317747414883696649,7547,35.2,4,"Amon-Ra St. Brown, WR (DET)"
2026,1331774741488369664,2,9,13317747414883696649,11635,6.5,5,"Ladd McConkey, WR (LAC)"
2026,1331774741488369664,2,9,13317747414883696649,9500,14.2,6,"Josh Downs, WR (IND)"
2026,1331774741488369664,2,9,13317747414883696649,5022,1.4,7,"Dallas Goedert, TE (PHI)"
2026,1331774741488369664,2,9,13317747414883696649,4866,3.0,8,"Saquon Barkley, RB (PHI)"
2026,1331774741488369664,2,9,13317747414883696649,12533,5.8,9,"Jacory Croskey-Merritt, RB (WAS)"
2026,1331774741488369664,2,9,13317747414883696649,7839,12.0,10,"Evan McPherson, K (CIN)"
2026,1331774741488369664,2,9,13317747414883696649,PIT,10.0,11,"Pittsburgh Steelers, DEF (PIT)"
2026,1331774804222545920,2,1,13317748042225459201,1373,14.58,1,"Geno Smith, QB (NYJ)"
2026,1331774804222545920,2,1,13317748042225459201,11583,2.1,2,"Jonathon Brooks, RB (CAR)"
2026,1331774804222545920,2,1,13317748042225459201,13286,4.0,3,"Jadarian Price, RB (SEA)"
2026,1331774804222545920,2,1,13317748042225459201,7564,26.5,4,"Ja'Marr Chase, WR (CIN)"
2026,1331774804222545920,2,1,13317748042225459201,6794,8.5,5,"Justin Jefferson, WR (MIN)"
2026,1331774804222545920,2,1,13317748042225459201,5872,6.5,6,"Deebo Samuel, WR (SF)"
2026,1331774804222545920,2,1,13317748042225459201,10236,22.5,7,"Dalton Kincaid, TE (BUF)"
2026,1331774804222545920,2,1,13317748042225459201,12501,9.8,8,"Matthew Golden, WR (GB)"
2026,1331774804222545920,2,1,13317748042225459201,7526,21.8,9,"Jaylen Waddle, WR (DEN)"
2026,1331774804222545920,2,1,13317748042225459201,2020,4.0,10,"Cairo Santos, K (CHI)"
2026,1331774804222545920,2,1,13317748042225459201,DET,-4.0,11,"Detroit Lions, DEF (DET)"
2026,1331774804222545920,2,10,133177480422254592010,11560,6.72,1,"Caleb Williams, QB (CHI)"
2026,1331774804222545920,2,10,133177480422254592010,9221,23.3,2,"Jahmyr Gibbs, RB (DET)"
2026,1331774804222545920,2,10,133177480422254592010,6813,29.2,3,"Jonathan Taylor, RB (IND)"
2026,1331774804222545920,2,10,133177480422254592010,12530,0.0,4,
2026,1331774804222545920,2,10,133177480422254592010,8144,22.6,5,"Chris Olave, WR (NO)"
2026,1331774804222545920,2,10,133177480422254592010,12499,8.9,6,"Elic Ayomanor, WR (TEN)"
2026,1331774804222545920,2,10,133177480422254592010,3214,7.0,7,"Hunter Henry, TE (NE)"
2026,1331774804222545920,2,10,133177480422254592010,6806,3.6,8,"J.K. Dobbins, RB (DEN)"
2026,1331774804222545920,2,10,133177480422254592010,6783,0.0,9,"Jerry Jeudy, WR (CLE)"
2026,1331774804222545920,2,10,133177480422254592010,7922,6.0,10,"Riley Patterson, K (MIA)"
2026,1331774804222545920,2,10,133177480422254592010,HOU,8.0,11,"Houston Texans, DEF (HOU)"
2026,1331774804222545920,2,11,133177480422254592011,3163,27.78,1,"Jared Goff, QB (DET)"
2026,1331774804222545920,2,11,133177480422254592011,9509,11.1,2,"Bijan Robinson, RB (ATL)"
2026,1331774804222545920,2,11,133177480422254592011,4034,22.6,3,"Christian McCaffrey, RB (SF)"
2026,1331774804222545920,2,11,133177480422254592011,8112,8.9,4,"Drake London, WR (ATL)"
2026,1331774804222545920,2,11,133177480422254592011,5927,7.0,5,"Terry McLaurin, WR (WAS)"
2026,1331774804222545920,2,11,133177480422254592011,10229,12.3,6,"Rashee Rice, WR (KC)"
2026,1331774804222545920,2,11,133177480422254592011,5012,10.9,7,"Mark Andrews, TE (BAL)"
2026,1331774804222545920,2,11,133177480422254592011,7543,7.1,8,"Travis Etienne, RB (NO)"
2026,1331774804222545920,2,11,133177480422254592011,7588,8.0,9,"Javonte Williams, RB (DAL)"
2026,1331774804222545920,2,11,133177480422254592011,3451,6.0,10,"Ka'imi Fairbairn, K (HOU)"
2026,1331774804222545920,2,11,133177480422254592011,GB,7.0,11,"Green Bay Packers, DEF (GB)"
2026,1331774804222545920,2,12,133177480422254592012,6904,16.16,1,"Jalen Hurts, QB (PHI)"
2026,1331774804222545920,2,12,133177480422254592012,13287,7.5,2,"Jeremiyah Love, RB (ARI)"
2026,1331774804222545920,2,12,133177480422254592012,8151,23.8,3,"Kenneth Walker, RB (KC)"
2026,1331774804222545920,2,12,133177480422254592012,6786,35.3,4,"CeeDee Lamb, WR (DAL)"
2026,1331774804222545920,2,12,133177480422254592012,8167,14.1,5,"Christian Watson, WR (GB)"
2026,1331774804222545920,2,12,133177480422254592012,4037,8.8,6,"Chris Godwin, WR (TB)"
2026,1331774804222545920,2,12,133177480422254592012,4033,1.9,7,"David Njoku, TE (LAC)"
2026,1331774804222545920,2,12,133177480422254592012,5045,5.5,8,"Courtland Sutton, WR (DEN)"
2026,1331774804222545920,2,12,133177480422254592012,8180,1.9,9,"Jalen Nailor, WR (LV)"
2026,1331774804222545920,2,12,133177480422254592012,3678,9.0,10,"Wil Lutz, K (DEN)"
2026,1331774804222545920,2,12,133177480422254592012,LAC,5.0,11,"Los Angeles Chargers, DEF (LAC)"
2026,1331774804222545920,2,2,13317748042225459202,4892,12.18,1,"Baker Mayfield, QB (TB)"
2026,1331774804222545920,2,2,13317748042225459202,8155,14.2,2,"Breece Hall, RB (NYJ)"
2026,1331774804222545920,2,2,13317748042225459202,5892,4.4,3,"David Montgomery, RB (HOU)"
2026,1331774804222545920,2,2,13317748042225459202,8137,10.0,4,"George Pickens, WR (DAL)"
2026,1331774804222545920,2,2,13317748042225459202,12519,6.2,5,"Luther Burden, WR (CHI)"
2026,1331774804222545920,2,2,13317748042225459202,5947,3.8,6,"Jakobi Meyers, WR (JAX)"
2026,1331774804222545920,2,2,13317748042225459202,8130,18.1,7,"Trey McBride, TE (ARI)"
2026,1331774804222545920,2,2,13317748042225459202,11604,0.0,8,"Brock Bowers, TE (LV)"
2026,1331774804222545920,2,2,13317748042225459202,9484,2.5,9,"Tucker Kraft, TE (GB)"
2026,1331774804222545920,2,2,13317748042225459202,11533,16.0,10,"Brandon Aubrey, K (DAL)"
2026,1331774804222545920,2,2,13317748042225459202,BAL,5.0,11,"Baltimore Ravens, DEF (BAL)"
2026,1331774804222545920,2,3,13317748042225459203,4046,28.98,1,"Patrick Mahomes, QB (KC)"
2026,1331774804222545920,2,3,13317748042225459203,8138,20.9,2,"James Cook, RB (BUF)"
2026,1331774804222545920,2,3,13317748042225459203,12507,16.5,3,"Omarion Hampton, RB (LAC)"
2026,1331774804222545920,2,3,13317748042225459203,9488,42.5,4,"Jaxon Smith-Njigba, WR (SEA)"
2026,1331774804222545920,2,3,13317748042225459203,11646,14.6,5,"Jalen Coker, WR (CAR)"
2026,1331774804222545920,2,3,13317748042225459203,13301,5.4,6,"Antonio Williams, WR (WAS)"
2026,1331774804222545920,2,3,13317748042225459203,4217,18.0,7,"George Kittle, TE (SF)"
2026,1331774804222545920,2,3,13317748042225459203,4866,3.0,8,"Saquon Barkley, RB (PHI)"
2026,1331774804222545920,2,3,13317748042225459203,12533,5.8,9,"Jacory Croskey-Merritt, RB (WAS)"
2026,1331774804222545920,2,3,13317748042225459203,13968,8.0,10,"Drew Stevens, K (WAS)"
2026,1331774804222545920,2,3,13317748042225459203,MIN,17.0,11,"Minnesota Vikings, DEF (MIN)"
2026,1331774804222545920,2,4,13317748042225459204,12508,0.8,1,"Jaxson Dart, QB (NYG)"
2026,1331774804222545920,2,4,13317748042225459204,8228,9.7,2,"Jaylen Warren, RB (PIT)"
2026,1331774804222545920,2,4,13317748042225459204,12512,9.8,3,"Quinshon Judkins, RB (CLE)"
2026,1331774804222545920,2,4,13317748042225459204,11632,1.1,4,"Malik Nabers, WR (NYG)"
2026,1331774804222545920,2,4,13317748042225459204,9997,0.0,5,"Zay Flowers, WR (BAL)"
2026,1331774804222545920,2,4,13317748042225459204,4983,-0.1,6,"DJ Moore, WR (BUF)"
2026,1331774804222545920,2,4,13317748042225459204,12517,1.3,7,"Colston Loveland, TE (CHI)"
2026,1331774804222545920,2,4,13317748042225459204,10222,1.4,8,"Jayden Reed, WR (GB)"
2026,1331774804222545920,2,4,13317748042225459204,11581,7.6,9,"MarShawn Lloyd, RB (GB)"
2026,1331774804222545920,2,4,13317748042225459204,4227,16.0,10,"Harrison Butker, K (KC)"
2026,1331774804222545920,2,4,13317748042225459204,PIT,10.0,11,"Pittsburgh Steelers, DEF (PIT)"
2026,1331774804222545920,2,5,13317748042225459205,4984,39.82,1,"Josh Allen, QB (BUF)"
2026,1331774804222545920,2,5,13317748042225459205,8154,8.7,2,"Brian Robinson, RB (ATL)"
2026,1331774804222545920,2,5,13317748042225459205,4199,10.5,3,"Aaron Jones, RB (MIN)"
2026,1331774804222545920,2,5,13317748042225459205,2216,8.4,4,"Mike Evans, WR (SF)"
2026,1331774804222545920,2,5,13317748042225459205,9500,14.2,5,"Josh Downs, WR (IND)"
2026,1331774804222545920,2,5,13317748042225459205,4981,5.5,6,"Calvin Ridley, WR (TEN)"
2026,1331774804222545920,2,5,13317748042225459205,5906,8.5,7,"Dawson Knox, TE (BUF)"
2026,1331774804222545920,2,5,13317748042225459205,11834,11.4,8,"Devaughn Vele, WR (NO)"
2026,1331774804222545920,2,5,13317748042225459205,10219,1.3,9,"Chris Rodriguez, RB (JAX)"
2026,1331774804222545920,2,5,13317748042225459205,12015,3.0,10,"Harrison Mevis, K (LAR)"
2026,1331774804222545920,2,5,13317748042225459205,TB,4.0,11,"Tampa Bay Buccaneers, DEF (TB)"
2026,1331774804222545920,2,6,13317748042225459206,4943,0.0,1,"Sam Darnold, QB (SEA)"
2026,1331774804222545920,2,6,13317748042225459206,9226,12.3,2,"De'Von Achane, RB (MIA)"
2026,1331774804222545920,2,6,13317748042225459206,3198,17.7,3,"Derrick Henry, RB (BAL)"
2026,1331774804222545920,2,6,13317748042225459206,11635,6.5,4,"Ladd McConkey, WR (LAC)"
2026,1331774804222545920,2,6,13317748042225459206,9487,15.8,5,"Parker Washington, WR (JAX)"
2026,1331774804222545920,2,6,13317748042225459206,12514,10.3,6,"Emeka Egbuka, WR (TB)"
2026,1331774804222545920,2,6,13317748042225459206,12498,0.0,7,"Mason Taylor, TE (NYJ)"
2026,1331774804222545920,2,6,13317748042225459206,8150,14.7,8,"Kyren Williams, RB (LAR)"
2026,1331774804222545920,2,6,13317748042225459206,11584,13.0,9,"Bucky Irving, RB (TB)"
2026,1331774804222545920,2,6,13317748042225459206,2747,7.0,10,"Jason Myers, K (SEA)"
2026,1331774804222545920,2,6,13317748042225459206,LV,16.0,11,"Las Vegas Raiders, DEF (LV)"
2026,1331774804222545920,2,7,13317748042225459207,11564,8.02,1,"Drake Maye, QB (NE)"
2026,1331774804222545920,2,7,13317748042225459207,12527,10.3,2,"Ashton Jeanty, RB (LV)"
2026,1331774804222545920,2,7,13317748042225459207,12529,13.6,3,"TreVeyon Henderson, RB (NE)"
2026,1331774804222545920,2,7,13317748042225459207,6801,14.5,4,"Tee Higgins, WR (CIN)"
2026,1331774804222545920,2,7,13317748042225459207,7525,27.7,5,"DeVonta Smith, WR (PHI)"
2026,1331774804222545920,2,7,13317748042225459207,11620,7.3,6,"Rome Odunze, WR (CHI)"
2026,1331774804222545920,2,7,13317748042225459207,12506,10.4,7,"Harold Fannin, TE (CLE)"
2026,1331774804222545920,2,7,13317748042225459207,8121,11.6,8,"Romeo Doubs, WR (NE)"
2026,1331774804222545920,2,7,13317748042225459207,11628,0.0,9,"Marvin Harrison, WR (ARI)"
2026,1331774804222545920,2,7,13317748042225459207,8259,1.0,10,"Cameron Dicker, K (LAC)"
2026,1331774804222545920,2,7,13317748042225459207,CLE,7.0,11,"Cleveland Browns, DEF (CLE)"
2026,1331774804222545920,2,8,13317748042225459208,4881,14.8,1,"Lamar Jackson, QB (BAL)"
2026,1331774804222545920,2,8,13317748042225459208,9224,11.2,2,"Chase Brown, RB (CIN)"
2026,1331774804222545920,2,8,13317748042225459208,7594,14.4,3,"Chuba Hubbard, RB (CAR)"
2026,1331774804222545920,2,8,13317748042225459208,8148,5.3,4,"Jameson Williams, WR (DET)"
2026,1331774804222545920,2,8,13317748042225459208,7547,35.2,5,"Amon-Ra St. Brown, WR (DET)"
2026,1331774804222545920,2,8,13317748042225459208,2133,39.5,6,"Davante Adams, WR (LAR)"
2026,1331774804222545920,2,8,13317748042225459208,8131,8.3,7,"Isaiah Likely, TE (NYG)"
2026,1331774804222545920,2,8,13317748042225459208,10214,1.7,8,"Davis Allen, TE (LAR)"
2026,1331774804222545920,2,8,13317748042225459208,12490,14.2,9,"Bhayshul Tuten, RB (JAX)"
2026,1331774804222545920,2,8,13317748042225459208,4195,8.0,10,"Jake Elliott, K (PHI)"
2026,1331774804222545920,2,8,13317748042225459208,BUF,3.0,11,"Buffalo Bills, DEF (BUF)"
2026,1331774804222545920,2,9,13317748042225459209,3294,29.76,1,"Dak Prescott, QB (DAL)"
2026,1331774804222545920,2,9,13317748042225459209,12481,8.5,2,"Cam Skattebo, RB (NYG)"
2026,1331774804222545920,2,9,13317748042225459209,6790,11.9,3,"D'Andre Swift, RB (CHI)"
2026,1331774804222545920,2,9,13317748042225459209,12526,15.1,4,"Tetairoa McMillan, WR (CAR)"
2026,1331774804222545920,2,9,13317748042225459209,8146,16.7,5,"Garrett Wilson, WR (NYJ)"
2026,1331774804222545920,2,9,13317748042225459209,5846,6.7,6,"DK Metcalf, WR (PIT)"
2026,1331774804222545920,2,9,13317748042225459209,12518,14.4,7,"Tyler Warren, TE (IND)"
2026,1331774804222545920,2,9,13317748042225459209,7611,2.6,8,"Rhamondre Stevenson, RB (NE)"
2026,1331774804222545920,2,9,13317748042225459209,9486,12.4,9,"Dontayvion Wicks, WR (PHI)"
2026,1331774804222545920,2,9,13317748042225459209,1945,4.0,10,"Chris Boswell, K (PIT)"
2026,1331774804222545920,2,9,13317748042225459209,NE,22.0,11,"New England Patriots, DEF (NE)"
2026,1331774846710849536,2,1,13317748467108495361,1166,20.22,1,"Kirk Cousins, QB (LV)"
2026,1331774846710849536,2,1,13317748467108495361,9509,11.1,2,"Bijan Robinson, RB (ATL)"
2026,1331774846710849536,2,1,13317748467108495361,9226,12.3,3,"De'Von Achane, RB (MIA)"
2026,1331774846710849536,2,1,13317748467108495361,7562,2.9,4,"Tutu Atwell, WR (LAR)"
2026,1331774846710849536,2,1,13317748467108495361,8146,16.7,5,"Garrett Wilson, WR (NYJ)"
2026,1331774846710849536,2,1,13317748467108495361,12519,6.2,6,"Luther Burden, WR (CHI)"
2026,1331774846710849536,2,1,13317748467108495361,5012,10.9,7,"Mark Andrews, TE (BAL)"
2026,1331774846710849536,2,1,13317748467108495361,7588,8.0,8,"Javonte Williams, RB (DAL)"
2026,1331774846710849536,2,1,13317748467108495361,5846,6.7,9,"DK Metcalf, WR (PIT)"
2026,1331774846710849536,2,1,13317748467108495361,4227,16.0,10,"Harrison Butker, K (KC)"
2026,1331774846710849536,2,1,13317748467108495361,PIT,10.0,11,"Pittsburgh Steelers, DEF (PIT)"
2026,1331774846710849536,2,10,133177484671084953610,96,1.98,1,"Aaron Rodgers, QB (PIT)"
2026,1331774846710849536,2,10,133177484671084953610,12048,2.5,2,"George Holani, RB (SEA)"
2026,1331774846710849536,2,10,133177484671084953610,12481,8.5,3,"Cam Skattebo, RB (NYG)"
2026,1331774846710849536,2,10,133177484671084953610,7526,21.8,4,"Jaylen Waddle, WR (DEN)"
2026,1331774846710849536,2,10,133177484671084953610,11623,0.0,5,"Jordan Whittington, WR (LAR)"
2026,1331774846710849536,2,10,133177484671084953610,13311,0.0,6,"Chris Bell, WR (MIA)"
2026,1331774846710849536,2,10,133177484671084953610,8172,3.7,7,"Greg Dulcich, TE (MIA)"
2026,1331774846710849536,2,10,133177484671084953610,10218,6.7,8,"Xavier Hutchinson, WR (HOU)"
2026,1331774846710849536,2,10,133177484671084953610,7571,21.8,9,"Rashod Bateman, WR (BAL)"
2026,1331774846710849536,2,10,133177484671084953610,1945,4.0,10,"Chris Boswell, K (PIT)"
2026,1331774846710849536,2,10,133177484671084953610,CIN,7.0,11,"Cincinnati Bengals, DEF (CIN)"
2026,1331774846710849536,2,11,133177484671084953611,4984,39.82,1,"Josh Allen, QB (BUF)"
2026,1331774846710849536,2,11,133177484671084953611,3198,17.7,2,"Derrick Henry, RB (BAL)"
2026,1331774846710849536,2,11,133177484671084953611,8155,14.2,3,"Breece Hall, RB (NYJ)"
2026,1331774846710849536,2,11,133177484671084953611,8144,22.6,4,"Chris Olave, WR (NO)"
2026,1331774846710849536,2,11,133177484671084953611,12526,15.1,5,"Tetairoa McMillan, WR (CAR)"
2026,1331774846710849536,2,11,133177484671084953611,8142,2.1,6,"Alec Pierce, WR (IND)"
2026,1331774846710849536,2,11,133177484671084953611,11603,7.9,7,"AJ Barner, TE (SEA)"
2026,1331774846710849536,2,11,133177484671084953611,9487,15.8,8,"Parker Washington, WR (JAX)"
2026,1331774846710849536,2,11,133177484671084953611,4199,10.5,9,"Aaron Jones, RB (MIN)"
2026,1331774846710849536,2,11,133177484671084953611,6650,16.0,10,"Chase McLaughlin, K (TB)"
2026,1331774846710849536,2,11,133177484671084953611,NE,22.0,11,"New England Patriots, DEF (NE)"
2026,1331774846710849536,2,12,133177484671084953612,11560,6.72,1,"Caleb Williams, QB (CHI)"
2026,1331774846710849536,2,12,133177484671084953612,8138,20.9,2,"James Cook, RB (BUF)"
2026,1331774846710849536,2,12,133177484671084953612,8228,9.7,3,"Jaylen Warren, RB (PIT)"
2026,1331774846710849536,2,12,133177484671084953612,1479,1.5,4,"Keenan Allen, WR (IND)"
2026,1331774846710849536,2,12,133177484671084953612,11646,14.6,5,"Jalen Coker, WR (CAR)"
2026,1331774846710849536,2,12,133177484671084953612,13298,8.2,6,"KC Concepcion, WR (CLE)"
2026,1331774846710849536,2,12,133177484671084953612,10859,17.2,7,"Sam LaPorta, TE (DET)"
2026,1331774846710849536,2,12,133177484671084953612,12474,8.5,8,"Woody Marks, RB (HOU)"
2026,1331774846710849536,2,12,133177484671084953612,7021,6.4,9,"Rico Dowdle, RB (PIT)"
2026,1331774846710849536,2,12,133177484671084953612,7839,12.0,10,"Evan McPherson, K (CIN)"
2026,1331774846710849536,2,12,133177484671084953612,SEA,10.0,11,"Seattle Seahawks, DEF (SEA)"
2026,1331774846710849536,2,2,13317748467108495362,4881,14.8,1,"Lamar Jackson, QB (BAL)"
2026,1331774846710849536,2,2,13317748467108495362,5850,0.0,2,"Josh Jacobs, RB (GB)"
2026,1331774846710849536,2,2,13317748467108495362,6790,11.9,3,"D'Andre Swift, RB (CHI)"
2026,1331774846710849536,2,2,13317748467108495362,6786,35.3,4,"CeeDee Lamb, WR (DAL)"
2026,1331774846710849536,2,2,13317748467108495362,7547,35.2,5,"Amon-Ra St. Brown, WR (DET)"
2026,1331774846710849536,2,2,13317748467108495362,4983,-0.1,6,"DJ Moore, WR (BUF)"
2026,1331774846710849536,2,2,13317748467108495362,4217,18.0,7,"George Kittle, TE (SF)"
2026,1331774846710849536,2,2,13317748467108495362,5045,5.5,8,"Courtland Sutton, WR (DEN)"
2026,1331774846710849536,2,2,13317748467108495362,0,0.0,9,
2026,1331774846710849536,2,2,13317748467108495362,11533,16.0,10,"Brandon Aubrey, K (DAL)"
2026,1331774846710849536,2,2,13317748467108495362,BUF,3.0,11,"Buffalo Bills, DEF (BUF)"
2026,1331774846710849536,2,3,13317748467108495363,11566,13.74,1,"Jayden Daniels, QB (WAS)"
2026,1331774846710849536,2,3,13317748467108495363,8151,23.8,2,"Kenneth Walker, RB (KC)"
2026,1331774846710849536,2,3,13317748467108495363,13414,2.5,3,"Kaelon Black, RB (SF)"
2026,1331774846710849536,2,3,13317748467108495363,8112,8.9,4,"Drake London, WR (ATL)"
2026,1331774846710849536,2,3,13317748467108495363,8148,5.3,5,"Jameson Williams, WR (DET)"
2026,1331774846710849536,2,3,13317748467108495363,11628,0.0,6,"Marvin Harrison, WR (ARI)"
2026,1331774846710849536,2,3,13317748467108495363,12518,14.4,7,"Tyler Warren, TE (IND)"
2026,1331774846710849536,2,3,13317748467108495363,11581,7.6,8,"MarShawn Lloyd, RB (GB)"
2026,1331774846710849536,2,3,13317748467108495363,12529,13.6,9,"TreVeyon Henderson, RB (NE)"
2026,1331774846710849536,2,3,13317748467108495363,3451,6.0,10,"Ka'imi Fairbairn, K (HOU)"
2026,1331774846710849536,2,3,13317748467108495363,NYJ,13.0,11,"New York Jets, DEF (NYJ)"
2026,1331774846710849536,2,4,13317748467108495364,3163,27.78,1,"Jared Goff, QB (DET)"
2026,1331774846710849536,2,4,13317748467108495364,11584,13.0,2,"Bucky Irving, RB (TB)"
2026,1331774846710849536,2,4,13317748467108495364,12533,5.8,3,"Jacory Croskey-Merritt, RB (WAS)"
2026,1331774846710849536,2,4,13317748467108495364,12514,10.3,4,"Emeka Egbuka, WR (TB)"
2026,1331774846710849536,2,4,13317748467108495364,2216,8.4,5,"Mike Evans, WR (SF)"
2026,1331774846710849536,2,4,13317748467108495364,13279,5.7,6,"Carnell Tate, WR (TEN)"
2026,1331774846710849536,2,4,13317748467108495364,9484,2.5,7,"Tucker Kraft, TE (GB)"
2026,1331774846710849536,2,4,13317748467108495364,13337,5.5,8,"Emmett Johnson, RB (KC)"
2026,1331774846710849536,2,4,13317748467108495364,5844,5.9,9,"T.J. Hockenson, TE (MIN)"
2026,1331774846710849536,2,4,13317748467108495364,6528,8.0,10,"Joey Slye, K (TEN)"
2026,1331774846710849536,2,4,13317748467108495364,WAS,-2.0,11,"Washington Commanders, DEF (WAS)"
2026,1331774846710849536,2,5,13317748467108495365,5849,0.0,1,"Kyler Murray, QB (MIN)"
2026,1331774846710849536,2,5,13317748467108495365,12527,10.3,2,"Ashton Jeanty, RB (LV)"
2026,1331774846710849536,2,5,13317748467108495365,7611,2.6,3,"Rhamondre Stevenson, RB (NE)"
2026,1331774846710849536,2,5,13317748467108495365,8137,10.0,4,"George Pickens, WR (DAL)"
2026,1331774846710849536,2,5,13317748467108495365,6801,14.5,5,"Tee Higgins, WR (CIN)"
2026,1331774846710849536,2,5,13317748467108495365,11635,6.5,6,"Ladd McConkey, WR (LAC)"
2026,1331774846710849536,2,5,13317748467108495365,12517,1.3,7,"Colston Loveland, TE (CHI)"
2026,1331774846710849536,2,5,13317748467108495365,11620,7.3,8,"Rome Odunze, WR (CHI)"
2026,1331774846710849536,2,5,13317748467108495365,8167,14.1,9,"Christian Watson, WR (GB)"
2026,1331774846710849536,2,5,13317748467108495365,5189,5.0,10,"Eddy Pineiro, K (SF)"
2026,1331774846710849536,2,5,13317748467108495365,ATL,2.0,11,"Atlanta Falcons, DEF (ATL)"
2026,1331774846710849536,2,6,13317748467108495366,6797,4.88,1,"Justin Herbert, QB (LAC)"
2026,1331774846710849536,2,6,13317748467108495366,6813,29.2,2,"Jonathan Taylor, RB (IND)"
2026,1331774846710849536,2,6,13317748467108495366,8150,14.7,3,"Kyren Williams, RB (LAR)"
2026,1331774846710849536,2,6,13317748467108495366,12501,9.8,4,"Matthew Golden, WR (GB)"
2026,1331774846710849536,2,6,13317748467108495366,10229,12.3,5,"Rashee Rice, WR (KC)"
2026,1331774846710849536,2,6,13317748467108495366,8121,11.6,6,"Romeo Doubs, WR (NE)"
2026,1331774846710849536,2,6,13317748467108495366,10236,22.5,7,"Dalton Kincaid, TE (BUF)"
2026,1331774846710849536,2,6,13317748467108495366,7594,14.4,8,"Chuba Hubbard, RB (CAR)"
2026,1331774846710849536,2,6,13317748467108495366,8134,6.8,9,"Khalil Shakir, WR (BUF)"
2026,1331774846710849536,2,6,13317748467108495366,12961,10.0,10,"Ryan Fitzgerald, K (CAR)"
2026,1331774846710849536,2,6,13317748467108495366,BAL,5.0,11,"Baltimore Ravens, DEF (BAL)"
2026,1331774846710849536,2,7,13317748467108495367,6770,16.18,1,"Joe Burrow, QB (CIN)"
2026,1331774846710849536,2,7,13317748467108495367,4034,22.6,2,"Christian McCaffrey, RB (SF)"
2026,1331774846710849536,2,7,13317748467108495367,4866,3.0,3,"Saquon Barkley, RB (PHI)"
2026,1331774846710849536,2,7,13317748467108495367,7564,26.5,4,"Ja'Marr Chase, WR (CIN)"
2026,1331774846710849536,2,7,13317748467108495367,5947,3.8,5,"Jakobi Meyers, WR (JAX)"
2026,1331774846710849536,2,7,13317748467108495367,2449,21.7,6,"Stefon Diggs, WR (WAS)"
2026,1331774846710849536,2,7,13317748467108495367,5001,26.0,7,"Dalton Schultz, TE (HOU)"
2026,1331774846710849536,2,7,13317748467108495367,12512,9.8,8,"Quinshon Judkins, RB (CLE)"
2026,1331774846710849536,2,7,13317748467108495367,5872,6.5,9,"Deebo Samuel, WR (SF)"
2026,1331774846710849536,2,7,13317748467108495367,3678,9.0,10,"Wil Lutz, K (DEN)"
2026,1331774846710849536,2,7,13317748467108495367,JAX,2.0,11,"Jacksonville Jaguars, DEF (JAX)"
2026,1331774846710849536,2,8,13317748467108495368,6904,16.16,1,"Jalen Hurts, QB (PHI)"
2026,1331774846710849536,2,8,13317748467108495368,9224,11.2,2,"Chase Brown, RB (CIN)"
2026,1331774846710849536,2,8,13317748467108495368,7543,7.1,3,"Travis Etienne, RB (NO)"
2026,1331774846710849536,2,8,13317748467108495368,6794,8.5,4,"Justin Jefferson, WR (MIN)"
2026,1331774846710849536,2,8,13317748467108495368,5927,7.0,5,"Terry McLaurin, WR (WAS)"
2026,1331774846710849536,2,8,13317748467108495368,7525,27.7,6,"DeVonta Smith, WR (PHI)"
2026,1331774846710849536,2,8,13317748467108495368,8130,18.1,7,"Trey McBride, TE (ARI)"
2026,1331774846710849536,2,8,13317748467108495368,12490,14.2,8,"Bhayshul Tuten, RB (JAX)"
2026,1331774846710849536,2,8,13317748467108495368,5892,4.4,9,"David Montgomery, RB (HOU)"
2026,1331774846710849536,2,8,13317748467108495368,2747,7.0,10,"Jason Myers, K (SEA)"
2026,1331774846710849536,2,8,13317748467108495368,SF,10.0,11,"San Francisco 49ers, DEF (SF)"
2026,1331774846710849536,2,9,13317748467108495369,9758,17.02,1,"C.J. Stroud, QB (HOU)"
2026,1331774846710849536,2,9,13317748467108495369,9221,23.3,2,"Jahmyr Gibbs, RB (DET)"
2026,1331774846710849536,2,9,13317748467108495369,12507,16.5,3,"Omarion Hampton, RB (LAC)"
2026,1331774846710849536,2,9,13317748467108495369,9488,42.5,4,"Jaxon Smith-Njigba, WR (SEA)"
2026,1331774846710849536,2,9,13317748467108495369,11632,1.1,5,"Malik Nabers, WR (NYG)"
2026,1331774846710849536,2,9,13317748467108495369,9997,0.0,6,"Zay Flowers, WR (BAL)"
2026,1331774846710849536,2,9,13317748467108495369,11604,0.0,7,"Brock Bowers, TE (LV)"
2026,1331774846710849536,2,9,13317748467108495369,13286,4.0,8,"Jadarian Price, RB (SEA)"
2026,1331774846710849536,2,9,13317748467108495369,10232,3.8,9,"Michael Wilson, WR (ARI)"
2026,1331774846710849536,2,9,13317748467108495369,5119,5.0,10,"Jason Sanders, K (NYJ)"
2026,1331774846710849536,2,9,13317748467108495369,PHI,6.0,11,"Philadelphia Eagles, DEF (PHI)"
2026,1331774880181399552,2,1,13317748801813995521,4984,39.82,1,"Josh Allen, QB (BUF)"
2026,1331774880181399552,2,1,13317748801813995521,9224,11.2,2,"Chase Brown, RB (CIN)"
2026,1331774880181399552,2,1,13317748801813995521,8150,14.7,3,"Kyren Williams, RB (LAR)"
2026,1331774880181399552,2,1,13317748801813995521,5859,0.0,4,"A.J. Brown, WR (NE)"
2026,1331774880181399552,2,1,13317748801813995521,13279,5.7,5,"Carnell Tate, WR (TEN)"
2026,1331774880181399552,2,1,13317748801813995521,4037,8.8,6,"Chris Godwin, WR (TB)"
2026,1331774880181399552,2,1,13317748801813995521,5012,10.9,7,"Mark Andrews, TE (BAL)"
2026,1331774880181399552,2,1,13317748801813995521,7611,2.6,8,"Rhamondre Stevenson, RB (NE)"
2026,1331774880181399552,2,1,13317748801813995521,7021,6.4,9,"Rico Dowdle, RB (PIT)"
2026,1331774880181399552,2,1,13317748801813995521,5230,0.0,10,
2026,1331774880181399552,2,1,13317748801813995521,NE,22.0,11,"New England Patriots, DEF (NE)"
2026,1331774880181399552,2,10,133177488018139955210,8183,28.48,1,"Brock Purdy, QB (SF)"
2026,1331774880181399552,2,10,133177488018139955210,7594,14.4,2,"Chuba Hubbard, RB (CAR)"
2026,1331774880181399552,2,10,133177488018139955210,5248,0.0,3,
2026,1331774880181399552,2,10,133177488018139955210,9493,0.0,4,"Puka Nacua, WR (LAR)"
2026,1331774880181399552,2,10,133177488018139955210,11620,7.3,5,"Rome Odunze, WR (CHI)"
2026,1331774880181399552,2,10,133177488018139955210,7049,0.0,6,"Jauan Jennings, WR (MIN)"
2026,1331774880181399552,2,10,133177488018139955210,12493,9.8,7,"Oronde Gadsden, TE (LAC)"
2026,1331774880181399552,2,10,133177488018139955210,12469,0.0,8,"Dylan Sampson, RB (CLE)"
2026,1331774880181399552,2,10,133177488018139955210,12502,3.3,9,"Gunnar Helm, TE (TEN)"
2026,1331774880181399552,2,10,133177488018139955210,2747,7.0,10,"Jason Myers, K (SEA)"
2026,1331774880181399552,2,10,133177488018139955210,HOU,8.0,11,"Houston Texans, DEF (HOU)"
2026,1331774880181399552,2,11,133177488018139955211,11560,6.72,1,"Caleb Williams, QB (CHI)"
2026,1331774880181399552,2,11,133177488018139955211,5892,4.4,2,"David Montgomery, RB (HOU)"
2026,1331774880181399552,2,11,133177488018139955211,8155,14.2,3,"Breece Hall, RB (NYJ)"
2026,1331774880181399552,2,11,133177488018139955211,6794,8.5,4,"Justin Jefferson, WR (MIN)"
2026,1331774880181399552,2,11,133177488018139955211,8144,22.6,5,"Chris Olave, WR (NO)"
2026,1331774880181399552,2,11,133177488018139955211,12519,6.2,6,"Luther Burden, WR (CHI)"
2026,1331774880181399552,2,11,133177488018139955211,8131,8.3,7,"Isaiah Likely, TE (NYG)"
2026,1331774880181399552,2,11,133177488018139955211,8137,10.0,8,"George Pickens, WR (DAL)"
2026,1331774880181399552,2,11,133177488018139955211,5927,7.0,9,"Terry McLaurin, WR (WAS)"
2026,1331774880181399552,2,11,133177488018139955211,11539,7.0,10,"Jake Bates, K (DET)"
2026,1331774880181399552,2,11,133177488018139955211,CHI,8.0,11,"Chicago Bears, DEF (CHI)"
2026,1331774880181399552,2,12,133177488018139955212,6797,4.88,1,"Justin Herbert, QB (LAC)"
2026,1331774880181399552,2,12,133177488018139955212,4866,3.0,2,"Saquon Barkley, RB (PHI)"
2026,1331774880181399552,2,12,133177488018139955212,7588,8.0,3,"Javonte Williams, RB (DAL)"
2026,1331774880181399552,2,12,133177488018139955212,11635,6.5,4,"Ladd McConkey, WR (LAC)"
2026,1331774880181399552,2,12,133177488018139955212,5846,6.7,5,"DK Metcalf, WR (PIT)"
2026,1331774880181399552,2,12,133177488018139955212,9487,15.8,6,"Parker Washington, WR (JAX)"
2026,1331774880181399552,2,12,133177488018139955212,5844,5.9,7,"T.J. Hockenson, TE (MIN)"
2026,1331774880181399552,2,12,133177488018139955212,8134,6.8,8,"Khalil Shakir, WR (BUF)"
2026,1331774880181399552,2,12,133177488018139955212,1479,1.5,9,"Keenan Allen, WR (IND)"
2026,1331774880181399552,2,12,133177488018139955212,11533,16.0,10,"Brandon Aubrey, K (DAL)"
2026,1331774880181399552,2,12,133177488018139955212,PHI,6.0,11,"Philadelphia Eagles, DEF (PHI)"
2026,1331774880181399552,2,2,13317748801813995522,12522,20.02,1,"Cam Ward, QB (TEN)"
2026,1331774880181399552,2,2,13317748801813995522,12481,8.5,2,"Cam Skattebo, RB (NYG)"
2026,1331774880181399552,2,2,13317748801813995522,8154,8.7,3,"Brian Robinson, RB (ATL)"
2026,1331774880181399552,2,2,13317748801813995522,10229,12.3,4,"Rashee Rice, WR (KC)"
2026,1331774880181399552,2,2,13317748801813995522,6801,14.5,5,"Tee Higgins, WR (CIN)"
2026,1331774880181399552,2,2,13317748801813995522,2133,39.5,6,"Davante Adams, WR (LAR)"
2026,1331774880181399552,2,2,13317748801813995522,10236,22.5,7,"Dalton Kincaid, TE (BUF)"
2026,1331774880181399552,2,2,13317748801813995522,13294,1.9,8,"Makai Lemon, WR (PHI)"
2026,1331774880181399552,2,2,13317748801813995522,4137,0.0,9,"James Conner, RB (ARI)"
2026,1331774880181399552,2,2,13317748801813995522,6650,16.0,10,"Chase McLaughlin, K (TB)"
2026,1331774880181399552,2,2,13317748801813995522,LAC,5.0,11,"Los Angeles Chargers, DEF (LAC)"
2026,1331774880181399552,2,3,13317748801813995523,11566,13.74,1,"Jayden Daniels, QB (WAS)"
2026,1331774880181399552,2,3,13317748801813995523,8138,20.9,2,"James Cook, RB (BUF)"
2026,1331774880181399552,2,3,13317748801813995523,11584,13.0,3,"Bucky Irving, RB (TB)"
2026,1331774880181399552,2,3,13317748801813995523,12526,15.1,4,"Tetairoa McMillan, WR (CAR)"
2026,1331774880181399552,2,3,13317748801813995523,11632,1.1,5,"Malik Nabers, WR (NYG)"
2026,1331774880181399552,2,3,13317748801813995523,11834,11.4,6,"Devaughn Vele, WR (NO)"
2026,1331774880181399552,2,3,13317748801813995523,7553,2.5,7,"Kyle Pitts, TE (ATL)"
2026,1331774880181399552,2,3,13317748801813995523,7567,4.5,8,"Kenny Gainwell, RB (TB)"
2026,1331774880181399552,2,3,13317748801813995523,2505,18.3,9,"Darren Waller, TE (CAR)"
2026,1331774880181399552,2,3,13317748801813995523,8259,1.0,10,"Cameron Dicker, K (LAC)"
2026,1331774880181399552,2,3,13317748801813995523,KC,1.0,11,"Kansas City Chiefs, DEF (KC)"
2026,1331774880181399552,2,4,13317748801813995524,4881,14.8,1,"Lamar Jackson, QB (BAL)"
2026,1331774880181399552,2,4,13317748801813995524,9221,23.3,2,"Jahmyr Gibbs, RB (DET)"
2026,1331774880181399552,2,4,13317748801813995524,12507,16.5,3,"Omarion Hampton, RB (LAC)"
2026,1331774880181399552,2,4,13317748801813995524,8112,8.9,4,"Drake London, WR (ATL)"
2026,1331774880181399552,2,4,13317748801813995524,7525,27.7,5,"DeVonta Smith, WR (PHI)"
2026,1331774880181399552,2,4,13317748801813995524,10222,1.4,6,"Jayden Reed, WR (GB)"
2026,1331774880181399552,2,4,13317748801813995524,12517,1.3,7,"Colston Loveland, TE (CHI)"
2026,1331774880181399552,2,4,13317748801813995524,9756,4.1,8,"Jordan Addison, WR (MIN)"
2026,1331774880181399552,2,4,13317748801813995524,8130,18.1,9,"Trey McBride, TE (ARI)"
2026,1331774880181399552,2,4,13317748801813995524,2020,4.0,10,"Cairo Santos, K (CHI)"
2026,1331774880181399552,2,4,13317748801813995524,TB,4.0,11,"Tampa Bay Buccaneers, DEF (TB)"
2026,1331774880181399552,2,5,13317748801813995525,7523,6.16,1,"Trevor Lawrence, QB (JAX)"
2026,1331774880181399552,2,5,13317748801813995525,9509,11.1,2,"Bijan Robinson, RB (ATL)"
2026,1331774880181399552,2,5,13317748801813995525,4034,22.6,3,"Christian McCaffrey, RB (SF)"
2026,1331774880181399552,2,5,13317748801813995525,7564,26.5,4,"Ja'Marr Chase, WR (CIN)"
2026,1331774880181399552,2,5,13317748801813995525,6786,35.3,5,"CeeDee Lamb, WR (DAL)"
2026,1331774880181399552,2,5,13317748801813995525,8146,16.7,6,"Garrett Wilson, WR (NYJ)"
2026,1331774880181399552,2,5,13317748801813995525,10859,17.2,7,"Sam LaPorta, TE (DET)"
2026,1331774880181399552,2,5,13317748801813995525,6813,29.2,8,"Jonathan Taylor, RB (IND)"
2026,1331774880181399552,2,5,13317748801813995525,9226,12.3,9,"De'Von Achane, RB (MIA)"
2026,1331774880181399552,2,5,13317748801813995525,12961,10.0,10,"Ryan Fitzgerald, K (CAR)"
2026,1331774880181399552,2,5,13317748801813995525,SF,10.0,11,"San Francisco 49ers, DEF (SF)"
2026,1331774880181399552,2,6,13317748801813995526,4046,28.98,1,"Patrick Mahomes, QB (KC)"
2026,1331774880181399552,2,6,13317748801813995526,8151,23.8,2,"Kenneth Walker, RB (KC)"
2026,1331774880181399552,2,6,13317748801813995526,8132,3.9,3,"Tyler Allgeier, RB (ARI)"
2026,1331774880181399552,2,6,13317748801813995526,12514,10.3,4,"Emeka Egbuka, WR (TB)"
2026,1331774880181399552,2,6,13317748801813995526,11610,8.7,5,"Malik Washington, WR (MIA)"
2026,1331774880181399552,2,6,13317748801813995526,5947,3.8,6,"Jakobi Meyers, WR (JAX)"
2026,1331774880181399552,2,6,13317748801813995526,9484,2.5,7,"Tucker Kraft, TE (GB)"
2026,1331774880181399552,2,6,13317748801813995526,5967,7.5,8,"Tony Pollard, RB (TEN)"
2026,1331774880181399552,2,6,13317748801813995526,4199,10.5,9,"Aaron Jones, RB (MIN)"
2026,1331774880181399552,2,6,13317748801813995526,12015,3.0,10,"Harrison Mevis, K (LAR)"
2026,1331774880181399552,2,6,13317748801813995526,ARI,3.0,11,"Arizona Cardinals, DEF (ARI)"
2026,1331774880181399552,2,7,13317748801813995527,6904,16.16,1,"Jalen Hurts, QB (PHI)"
2026,1331774880181399552,2,7,13317748801813995527,12490,14.2,2,"Bhayshul Tuten, RB (JAX)"
2026,1331774880181399552,2,7,13317748801813995527,7543,7.1,3,"Travis Etienne, RB (NO)"
2026,1331774880181399552,2,7,13317748801813995527,9488,42.5,4,"Jaxon Smith-Njigba, WR (SEA)"
2026,1331774880181399552,2,7,13317748801813995527,8167,14.1,5,"Christian Watson, WR (GB)"
2026,1331774880181399552,2,7,13317748801813995527,11646,14.6,6,"Jalen Coker, WR (CAR)"
2026,1331774880181399552,2,7,13317748801813995527,12518,14.4,7,"Tyler Warren, TE (IND)"
2026,1331774880181399552,2,7,13317748801813995527,8121,11.6,8,"Romeo Doubs, WR (NE)"
2026,1331774880181399552,2,7,13317748801813995527,5022,1.4,9,"Dallas Goedert, TE (PHI)"
2026,1331774880181399552,2,7,13317748801813995527,11792,10.0,10,"Will Reichard, K (MIN)"
2026,1331774880181399552,2,7,13317748801813995527,LAR,12.0,11,"Los Angeles Rams, DEF (LAR)"
2026,1331774880181399552,2,8,13317748801813995528,3163,27.78,1,"Jared Goff, QB (DET)"
2026,1331774880181399552,2,8,13317748801813995528,3198,17.7,2,"Derrick Henry, RB (BAL)"
2026,1331774880181399552,2,8,13317748801813995528,6790,11.9,3,"D'Andre Swift, RB (CHI)"
2026,1331774880181399552,2,8,13317748801813995528,7547,35.2,4,"Amon-Ra St. Brown, WR (DET)"
2026,1331774880181399552,2,8,13317748801813995528,2216,8.4,5,"Mike Evans, WR (SF)"
2026,1331774880181399552,2,8,13317748801813995528,10232,3.8,6,"Michael Wilson, WR (ARI)"
2026,1331774880181399552,2,8,13317748801813995528,9480,3.7,7,"Brenton Strange, TE (JAX)"
2026,1331774880181399552,2,8,13317748801813995528,12512,9.8,8,"Quinshon Judkins, RB (CLE)"
2026,1331774880181399552,2,8,13317748801813995528,5872,6.5,9,"Deebo Samuel, WR (SF)"
2026,1331774880181399552,2,8,13317748801813995528,4227,16.0,10,"Harrison Butker, K (KC)"
2026,1331774880181399552,2,8,13317748801813995528,BAL,5.0,11,"Baltimore Ravens, DEF (BAL)"
2026,1331774880181399552,2,9,13317748801813995529,11564,8.02,1,"Drake Maye, QB (NE)"
2026,1331774880181399552,2,9,13317748801813995529,12527,10.3,2,"Ashton Jeanty, RB (LV)"
2026,1331774880181399552,2,9,13317748801813995529,13287,7.5,3,"Jeremiyah Love, RB (ARI)"
2026,1331774880181399552,2,9,13317748801813995529,12501,9.8,4,"Matthew Golden, WR (GB)"
2026,1331774880181399552,2,9,13317748801813995529,8148,5.3,5,"Jameson Williams, WR (DET)"
2026,1331774880181399552,2,9,13317748801813995529,11628,0.0,6,"Marvin Harrison, WR (ARI)"
2026,1331774880181399552,2,9,13317748801813995529,12506,10.4,7,"Harold Fannin, TE (CLE)"
2026,1331774880181399552,2,9,13317748801813995529,11631,7.0,8,"Brian Thomas, WR (JAX)"
2026,1331774880181399552,2,9,13317748801813995529,13286,4.0,9,"Jadarian Price, RB (SEA)"
2026,1331774880181399552,2,9,13317748801813995529,3451,6.0,10,"Ka'imi Fairbairn, K (HOU)"
2026,1331774880181399552,2,9,13317748801813995529,GB,7.0,11,"Green Bay Packers, DEF (GB)"
2026,1331774915392577536,2,1,13317749153925775361,6770,16.18,1,"Joe Burrow, QB (CIN)"
2026,1331774915392577536,2,1,13317749153925775361,4034,22.6,2,"Christian McCaffrey, RB (SF)"
2026,1331774915392577536,2,1,13317749153925775361,3198,17.7,3,"Derrick Henry, RB (BAL)"
2026,1331774915392577536,2,1,13317749153925775361,9488,42.5,4,"Jaxon Smith-Njigba, WR (SEA)"
2026,1331774915392577536,2,1,13317749153925775361,11635,6.5,5,"Ladd McConkey, WR (LAC)"
2026,1331774915392577536,2,1,13317749153925775361,5947,3.8,6,"Jakobi Meyers, WR (JAX)"
2026,1331774915392577536,2,1,13317749153925775361,5012,10.9,7,"Mark Andrews, TE (BAL)"
2026,1331774915392577536,2,1,13317749153925775361,11628,0.0,8,"Marvin Harrison, WR (ARI)"
2026,1331774915392577536,2,1,13317749153925775361,8134,6.8,9,"Khalil Shakir, WR (BUF)"
2026,1331774915392577536,2,1,13317749153925775361,4227,16.0,10,"Harrison Butker, K (KC)"
2026,1331774915392577536,2,1,13317749153925775361,JAX,2.0,11,"Jacksonville Jaguars, DEF (JAX)"
2026,1331774915392577536,2,10,133177491539257753610,7523,6.16,1,"Trevor Lawrence, QB (JAX)"
2026,1331774915392577536,2,10,133177491539257753610,9509,11.1,2,"Bijan Robinson, RB (ATL)"
2026,1331774915392577536,2,10,133177491539257753610,11584,13.0,3,"Bucky Irving, RB (TB)"
2026,1331774915392577536,2,10,133177491539257753610,8137,10.0,4,"George Pickens, WR (DAL)"
2026,1331774915392577536,2,10,133177491539257753610,8148,5.3,5,"Jameson Williams, WR (DET)"
2026,1331774915392577536,2,10,133177491539257753610,8167,14.1,6,"Christian Watson, WR (GB)"
2026,1331774915392577536,2,10,133177491539257753610,8131,8.3,7,"Isaiah Likely, TE (NYG)"
2026,1331774915392577536,2,10,133177491539257753610,8155,14.2,8,"Breece Hall, RB (NYJ)"
2026,1331774915392577536,2,10,133177491539257753610,7543,7.1,9,"Travis Etienne, RB (NO)"
2026,1331774915392577536,2,10,133177491539257753610,3678,9.0,10,"Wil Lutz, K (DEN)"
2026,1331774915392577536,2,10,133177491539257753610,WAS,-2.0,11,"Washington Commanders, DEF (WAS)"
2026,1331774915392577536,2,11,133177491539257753611,3163,27.78,1,"Jared Goff, QB (DET)"
2026,1331774915392577536,2,11,133177491539257753611,6813,29.2,2,"Jonathan Taylor, RB (IND)"
2026,1331774915392577536,2,11,133177491539257753611,12481,8.5,3,"Cam Skattebo, RB (NYG)"
2026,1331774915392577536,2,11,133177491539257753611,12526,15.1,4,"Tetairoa McMillan, WR (CAR)"
2026,1331774915392577536,2,11,133177491539257753611,11620,7.3,5,"Rome Odunze, WR (CHI)"
2026,1331774915392577536,2,11,133177491539257753611,5045,5.5,6,"Courtland Sutton, WR (DEN)"
2026,1331774915392577536,2,11,133177491539257753611,4217,18.0,7,"George Kittle, TE (SF)"
2026,1331774915392577536,2,11,133177491539257753611,13301,5.4,8,"Antonio Williams, WR (WAS)"
2026,1331774915392577536,2,11,133177491539257753611,13330,3.7,9,"Kenyon Sadiq, TE (NYJ)"
2026,1331774915392577536,2,11,133177491539257753611,3451,6.0,10,"Ka'imi Fairbairn, K (HOU)"
2026,1331774915392577536,2,11,133177491539257753611,PHI,6.0,11,"Philadelphia Eagles, DEF (PHI)"
2026,1331774915392577536,2,12,133177491539257753612,4046,28.98,1,"Patrick Mahomes, QB (KC)"
2026,1331774915392577536,2,12,133177491539257753612,9221,23.3,2,"Jahmyr Gibbs, RB (DET)"
2026,1331774915392577536,2,12,133177491539257753612,4866,3.0,3,"Saquon Barkley, RB (PHI)"
2026,1331774915392577536,2,12,133177491539257753612,7564,26.5,4,"Ja'Marr Chase, WR (CIN)"
2026,1331774915392577536,2,12,133177491539257753612,7547,35.2,5,"Amon-Ra St. Brown, WR (DET)"
2026,1331774915392577536,2,12,133177491539257753612,10229,12.3,6,"Rashee Rice, WR (KC)"
2026,1331774915392577536,2,12,133177491539257753612,1466,25.1,7,"Travis Kelce, TE (KC)"
2026,1331774915392577536,2,12,133177491539257753612,4037,8.8,8,"Chris Godwin, WR (TB)"
2026,1331774915392577536,2,12,133177491539257753612,12490,14.2,9,"Bhayshul Tuten, RB (JAX)"
2026,1331774915392577536,2,12,133177491539257753612,11539,7.0,10,"Jake Bates, K (DET)"
2026,1331774915392577536,2,12,133177491539257753612,DEN,9.0,11,"Denver Broncos, DEF (DEN)"
2026,1331774915392577536,2,2,13317749153925775362,12508,0.8,1,"Jaxson Dart, QB (NYG)"
2026,1331774915392577536,2,2,13317749153925775362,8150,14.7,2,"Kyren Williams, RB (LAR)"
2026,1331774915392577536,2,2,13317749153925775362,5892,4.4,3,"David Montgomery, RB (HOU)"
2026,1331774915392577536,2,2,13317749153925775362,7526,21.8,4,"Jaylen Waddle, WR (DEN)"
2026,1331774915392577536,2,2,13317749153925775362,5846,6.7,5,"DK Metcalf, WR (PIT)"
2026,1331774915392577536,2,2,13317749153925775362,12501,9.8,6,"Matthew Golden, WR (GB)"
2026,1331774915392577536,2,2,13317749153925775362,7553,2.5,7,"Kyle Pitts, TE (ATL)"
2026,1331774915392577536,2,2,13317749153925775362,7594,14.4,8,"Chuba Hubbard, RB (CAR)"
2026,1331774915392577536,2,2,13317749153925775362,4199,10.5,9,"Aaron Jones, RB (MIN)"
2026,1331774915392577536,2,2,13317749153925775362,13545,8.0,10,"Trey Smack, K (GB)"
2026,1331774915392577536,2,2,13317749153925775362,LAR,12.0,11,"Los Angeles Rams, DEF (LAR)"
2026,1331774915392577536,2,3,13317749153925775363,8183,28.48,1,"Brock Purdy, QB (SF)"
2026,1331774915392577536,2,3,13317749153925775363,12527,10.3,2,"Ashton Jeanty, RB (LV)"
2026,1331774915392577536,2,3,13317749153925775363,6790,11.9,3,"D'Andre Swift, RB (CHI)"
2026,1331774915392577536,2,3,13317749153925775363,9500,14.2,4,"Josh Downs, WR (IND)"
2026,1331774915392577536,2,3,13317749153925775363,9486,12.4,5,"Dontayvion Wicks, WR (PHI)"
2026,1331774915392577536,2,3,13317749153925775363,8112,8.9,6,"Drake London, WR (ATL)"
2026,1331774915392577536,2,3,13317749153925775363,12518,14.4,7,"Tyler Warren, TE (IND)"
2026,1331774915392577536,2,3,13317749153925775363,11586,9.2,8,"Blake Corum, RB (LAR)"
2026,1331774915392577536,2,3,13317749153925775363,8136,14.3,9,"Rachaad White, RB (WAS)"
2026,1331774915392577536,2,3,13317749153925775363,8259,1.0,10,"Cameron Dicker, K (LAC)"
2026,1331774915392577536,2,3,13317749153925775363,SEA,10.0,11,"Seattle Seahawks, DEF (SEA)"
2026,1331774915392577536,2,4,13317749153925775364,6804,12.8,1,"Jordan Love, QB (GB)"
2026,1331774915392577536,2,4,13317749153925775364,13287,7.5,2,"Jeremiyah Love, RB (ARI)"
2026,1331774915392577536,2,4,13317749153925775364,11581,7.6,3,"MarShawn Lloyd, RB (GB)"
2026,1331774915392577536,2,4,13317749153925775364,6786,35.3,4,"CeeDee Lamb, WR (DAL)"
2026,1331774915392577536,2,4,13317749153925775364,11632,1.1,5,"Malik Nabers, WR (NYG)"
2026,1331774915392577536,2,4,13317749153925775364,12514,10.3,6,"Emeka Egbuka, WR (TB)"
2026,1331774915392577536,2,4,13317749153925775364,12517,1.3,7,"Colston Loveland, TE (CHI)"
2026,1331774915392577536,2,4,13317749153925775364,10222,1.4,8,"Jayden Reed, WR (GB)"
2026,1331774915392577536,2,4,13317749153925775364,12529,13.6,9,"TreVeyon Henderson, RB (NE)"
2026,1331774915392577536,2,4,13317749153925775364,11533,16.0,10,"Brandon Aubrey, K (DAL)"
2026,1331774915392577536,2,4,13317749153925775364,KC,1.0,11,"Kansas City Chiefs, DEF (KC)"
2026,1331774915392577536,2,5,13317749153925775365,4984,39.82,1,"Josh Allen, QB (BUF)"
2026,1331774915392577536,2,5,13317749153925775365,8138,20.9,2,"James Cook, RB (BUF)"
2026,1331774915392577536,2,5,13317749153925775365,12507,16.5,3,"Omarion Hampton, RB (LAC)"
2026,1331774915392577536,2,5,13317749153925775365,4983,-0.1,4,"DJ Moore, WR (BUF)"
2026,1331774915392577536,2,5,13317749153925775365,8144,22.6,5,"Chris Olave, WR (NO)"
2026,1331774915392577536,2,5,13317749153925775365,8146,16.7,6,"Garrett Wilson, WR (NYJ)"
2026,1331774915392577536,2,5,13317749153925775365,10236,22.5,7,"Dalton Kincaid, TE (BUF)"
2026,1331774915392577536,2,5,13317749153925775365,4177,3.8,8,"Mack Hollins, WR (NE)"
2026,1331774915392577536,2,5,13317749153925775365,13298,8.2,9,"KC Concepcion, WR (CLE)"
2026,1331774915392577536,2,5,13317749153925775365,7042,5.0,10,"Tyler Bass, K (BUF)"
2026,1331774915392577536,2,5,13317749153925775365,HOU,8.0,11,"Houston Texans, DEF (HOU)"
2026,1331774915392577536,2,6,13317749153925775366,11560,6.72,1,"Caleb Williams, QB (CHI)"
2026,1331774915392577536,2,6,13317749153925775366,8151,23.8,2,"Kenneth Walker, RB (KC)"
2026,1331774915392577536,2,6,13317749153925775366,9226,12.3,3,"De'Von Achane, RB (MIA)"
2026,1331774915392577536,2,6,13317749153925775366,6801,14.5,4,"Tee Higgins, WR (CIN)"
2026,1331774915392577536,2,6,13317749153925775366,12519,6.2,5,"Luther Burden, WR (CHI)"
2026,1331774915392577536,2,6,13317749153925775366,5872,6.5,6,"Deebo Samuel, WR (SF)"
2026,1331774915392577536,2,6,13317749153925775366,8130,18.1,7,"Trey McBride, TE (ARI)"
2026,1331774915392577536,2,6,13317749153925775366,8110,20.3,8,"Jake Ferguson, TE (DAL)"
2026,1331774915392577536,2,6,13317749153925775366,13286,4.0,9,"Jadarian Price, RB (SEA)"
2026,1331774915392577536,2,6,13317749153925775366,5095,13.0,10,"Daniel Carlson, K (NO)"
2026,1331774915392577536,2,6,13317749153925775366,BUF,3.0,11,"Buffalo Bills, DEF (BUF)"
2026,1331774915392577536,2,7,13317749153925775367,6904,16.16,1,"Jalen Hurts, QB (PHI)"
2026,1331774915392577536,2,7,13317749153925775367,9224,11.2,2,"Chase Brown, RB (CIN)"
2026,1331774915392577536,2,7,13317749153925775367,8228,9.7,3,"Jaylen Warren, RB (PIT)"
2026,1331774915392577536,2,7,13317749153925775367,9756,4.1,4,"Jordan Addison, WR (MIN)"
2026,1331774915392577536,2,7,13317749153925775367,6794,8.5,5,"Justin Jefferson, WR (MIN)"
2026,1331774915392577536,2,7,13317749153925775367,5927,7.0,6,"Terry McLaurin, WR (WAS)"
2026,1331774915392577536,2,7,13317749153925775367,3214,7.0,7,"Hunter Henry, TE (NE)"
2026,1331774915392577536,2,7,13317749153925775367,9493,0.0,8,"Puka Nacua, WR (LAR)"
2026,1331774915392577536,2,7,13317749153925775367,10859,17.2,9,"Sam LaPorta, TE (DET)"
2026,1331774915392577536,2,7,13317749153925775367,7839,12.0,10,"Evan McPherson, K (CIN)"
2026,1331774915392577536,2,7,13317749153925775367,PIT,10.0,11,"Pittsburgh Steelers, DEF (PIT)"
2026,1331774915392577536,2,8,13317749153925775368,11564,8.02,1,"Drake Maye, QB (NE)"
2026,1331774915392577536,2,8,13317749153925775368,7588,8.0,2,"Javonte Williams, RB (DAL)"
2026,1331774915392577536,2,8,13317749153925775368,7611,2.6,3,"Rhamondre Stevenson, RB (NE)"
2026,1331774915392577536,2,8,13317749153925775368,9997,0.0,4,"Zay Flowers, WR (BAL)"
2026,1331774915392577536,2,8,13317749153925775368,7525,27.7,5,"DeVonta Smith, WR (PHI)"
2026,1331774915392577536,2,8,13317749153925775368,2216,8.4,6,"Mike Evans, WR (SF)"
2026,1331774915392577536,2,8,13317749153925775368,9484,2.5,7,"Tucker Kraft, TE (GB)"
2026,1331774915392577536,2,8,13317749153925775368,10232,3.8,8,"Michael Wilson, WR (ARI)"
2026,1331774915392577536,2,8,13317749153925775368,9487,15.8,9,"Parker Washington, WR (JAX)"
2026,1331774915392577536,2,8,13317749153925775368,4195,8.0,10,"Jake Elliott, K (PHI)"
2026,1331774915392577536,2,8,13317749153925775368,NE,22.0,11,"New England Patriots, DEF (NE)"
2026,1331774915392577536,2,9,13317749153925775369,4881,14.8,1,"Lamar Jackson, QB (BAL)"
2026,1331774915392577536,2,9,13317749153925775369,12533,5.8,2,"Jacory Croskey-Merritt, RB (WAS)"
2026,1331774915392577536,2,9,13317749153925775369,12512,9.8,3,"Quinshon Judkins, RB (CLE)"
2026,1331774915392577536,2,9,13317749153925775369,13279,5.7,4,"Carnell Tate, WR (TEN)"
2026,1331774915392577536,2,9,13317749153925775369,8126,1.9,5,"Wan'Dale Robinson, WR (TEN)"
2026,1331774915392577536,2,9,13317749153925775369,11646,14.6,6,"Jalen Coker, WR (CAR)"
2026,1331774915392577536,2,9,13317749153925775369,5001,26.0,7,"Dalton Schultz, TE (HOU)"
2026,1331774915392577536,2,9,13317749153925775369,11610,8.7,8,"Malik Washington, WR (MIA)"
2026,1331774915392577536,2,9,13317749153925775369,2449,21.7,9,"Stefon Diggs, WR (WAS)"
2026,1331774915392577536,2,9,13317749153925775369,11786,7.0,10,"Cam Little, K (JAX)"
2026,1331774915392577536,2,9,13317749153925775369,NYJ,13.0,11,"New York Jets, DEF (NYJ)"
2026,1331775106527006720,2,1,13317751065270067201,11560,6.72,1,"Caleb Williams, QB (CHI)"
2026,1331775106527006720,2,1,13317751065270067201,12481,8.5,2,"Cam Skattebo, RB (NYG)"
2026,1331775106527006720,2,1,13317751065270067201,13287,7.5,3,"Jeremiyah Love, RB (ARI)"
2026,1331775106527006720,2,1,13317751065270067201,11637,12.3,4,"Keon Coleman, WR (BUF)"
2026,1331775106527006720,2,1,13317751065270067201,12536,5.4,5,"Jaylin Noel, WR (HOU)"
2026,1331775106527006720,2,1,13317751065270067201,9486,12.4,6,"Dontayvion Wicks, WR (PHI)"
2026,1331775106527006720,2,1,13317751065270067201,12517,1.3,7,"Colston Loveland, TE (CHI)"
2026,1331775106527006720,2,1,13317751065270067201,12506,10.4,8,"Harold Fannin, TE (CLE)"
2026,1331775106527006720,2,1,13317751065270067201,7600,7.4,9,"Pat Freiermuth, TE (PIT)"
2026,1331775106527006720,2,1,13317751065270067201,2747,7.0,10,"Jason Myers, K (SEA)"
2026,1331775106527006720,2,1,13317751065270067201,TEN,7.0,11,"Tennessee Titans, DEF (TEN)"
2026,1331775106527006720,2,10,133177510652700672010,421,26.98,1,"Matthew Stafford, QB (LAR)"
2026,1331775106527006720,2,10,133177510652700672010,4035,7.2,2,"Alvin Kamara, RB (NO)"
2026,1331775106527006720,2,10,133177510652700672010,7611,2.6,3,"Rhamondre Stevenson, RB (NE)"
2026,1331775106527006720,2,10,133177510652700672010,13420,1.8,4,"Bryce Lance, WR (NO)"
2026,1331775106527006720,2,10,133177510652700672010,8121,11.6,5,"Romeo Doubs, WR (NE)"
2026,1331775106527006720,2,10,133177510652700672010,2133,39.5,6,"Davante Adams, WR (LAR)"
2026,1331775106527006720,2,10,133177510652700672010,13299,0.0,7,"Nate Boerkircher, TE (JAX)"
2026,1331775106527006720,2,10,133177510652700672010,1479,1.5,8,"Keenan Allen, WR (IND)"
2026,1331775106527006720,2,10,133177510652700672010,13418,0.0,9,"Robert Henry, RB (WAS)"
2026,1331775106527006720,2,10,133177510652700672010,6083,8.0,10,"Matt Gay, K (LV)"
2026,1331775106527006720,2,10,133177510652700672010,DAL,4.0,11,"Dallas Cowboys, DEF (DAL)"
2026,1331775106527006720,2,11,133177510652700672011,12508,0.8,1,"Jaxson Dart, QB (NYG)"
2026,1331775106527006720,2,11,133177510652700672011,12512,9.8,2,"Quinshon Judkins, RB (CLE)"
2026,1331775106527006720,2,11,133177510652700672011,8228,9.7,3,"Jaylen Warren, RB (PIT)"
2026,1331775106527006720,2,11,133177510652700672011,2216,8.4,4,"Mike Evans, WR (SF)"
2026,1331775106527006720,2,11,133177510652700672011,13301,5.4,5,"Antonio Williams, WR (WAS)"
2026,1331775106527006720,2,11,133177510652700672011,6801,14.5,6,"Tee Higgins, WR (CIN)"
2026,1331775106527006720,2,11,133177510652700672011,5012,10.9,7,"Mark Andrews, TE (BAL)"
2026,1331775106527006720,2,11,133177510652700672011,11632,1.1,8,"Malik Nabers, WR (NYG)"
2026,1331775106527006720,2,11,133177510652700672011,9480,3.7,9,"Brenton Strange, TE (JAX)"
2026,1331775106527006720,2,11,133177510652700672011,12185,14.0,10,"Spencer Shrader, K (IND)"
2026,1331775106527006720,2,11,133177510652700672011,SF,10.0,11,"San Francisco 49ers, DEF (SF)"
2026,1331775106527006720,2,12,133177510652700672012,11566,13.74,1,"Jayden Daniels, QB (WAS)"
2026,1331775106527006720,2,12,133177510652700672012,9226,12.3,2,"De'Von Achane, RB (MIA)"
2026,1331775106527006720,2,12,133177510652700672012,9224,11.2,3,"Chase Brown, RB (CIN)"
2026,1331775106527006720,2,12,133177510652700672012,7547,35.2,4,"Amon-Ra St. Brown, WR (DET)"
2026,1331775106527006720,2,12,133177510652700672012,8146,16.7,5,"Garrett Wilson, WR (NYJ)"
2026,1331775106527006720,2,12,133177510652700672012,4037,8.8,6,"Chris Godwin, WR (TB)"
2026,1331775106527006720,2,12,133177510652700672012,5844,5.9,7,"T.J. Hockenson, TE (MIN)"
2026,1331775106527006720,2,12,133177510652700672012,5892,4.4,8,"David Montgomery, RB (HOU)"
2026,1331775106527006720,2,12,133177510652700672012,6790,11.9,9,"D'Andre Swift, RB (CHI)"
2026,1331775106527006720,2,12,133177510652700672012,11533,16.0,10,"Brandon Aubrey, K (DAL)"
2026,1331775106527006720,2,12,133177510652700672012,LAC,5.0,11,"Los Angeles Chargers, DEF (LAC)"
2026,1331775106527006720,2,2,13317751065270067202,6904,16.16,1,"Jalen Hurts, QB (PHI)"
2026,1331775106527006720,2,2,13317751065270067202,8151,23.8,2,"Kenneth Walker, RB (KC)"
2026,1331775106527006720,2,2,13317751065270067202,12507,16.5,3,"Omarion Hampton, RB (LAC)"
2026,1331775106527006720,2,2,13317751065270067202,9488,42.5,4,"Jaxon Smith-Njigba, WR (SEA)"
2026,1331775106527006720,2,2,13317751065270067202,8112,8.9,5,"Drake London, WR (ATL)"
2026,1331775106527006720,2,2,13317751065270067202,6794,8.5,6,"Justin Jefferson, WR (MIN)"
2026,1331775106527006720,2,2,13317751065270067202,8110,20.3,7,"Jake Ferguson, TE (DAL)"
2026,1331775106527006720,2,2,13317751065270067202,7543,7.1,8,"Travis Etienne, RB (NO)"
2026,1331775106527006720,2,2,13317751065270067202,12519,6.2,9,"Luther Burden, WR (CHI)"
2026,1331775106527006720,2,2,13317751065270067202,4195,8.0,10,"Jake Elliott, K (PHI)"
2026,1331775106527006720,2,2,13317751065270067202,NO,8.0,11,"New Orleans Saints, DEF (NO)"
2026,1331775106527006720,2,3,13317751065270067203,6804,12.8,1,"Jordan Love, QB (GB)"
2026,1331775106527006720,2,3,13317751065270067203,7021,6.4,2,"Rico Dowdle, RB (PIT)"
2026,1331775106527006720,2,3,13317751065270067203,7594,14.4,3,"Chuba Hubbard, RB (CAR)"
2026,1331775106527006720,2,3,13317751065270067203,11635,6.5,4,"Ladd McConkey, WR (LAC)"
2026,1331775106527006720,2,3,13317751065270067203,9487,15.8,5,"Parker Washington, WR (JAX)"
2026,1331775106527006720,2,3,13317751065270067203,12501,9.8,6,"Matthew Golden, WR (GB)"
2026,1331775106527006720,2,3,13317751065270067203,10236,22.5,7,"Dalton Kincaid, TE (BUF)"
2026,1331775106527006720,2,3,13317751065270067203,5872,6.5,8,"Deebo Samuel, WR (SF)"
2026,1331775106527006720,2,3,13317751065270067203,11586,9.2,9,"Blake Corum, RB (LAR)"
2026,1331775106527006720,2,3,13317751065270067203,12711,5.0,10,"Tyler Loop, K (BAL)"
2026,1331775106527006720,2,3,13317751065270067203,DEN,9.0,11,"Denver Broncos, DEF (DEN)"
2026,1331775106527006720,2,4,13317751065270067204,7523,6.16,1,"Trevor Lawrence, QB (JAX)"
2026,1331775106527006720,2,4,13317751065270067204,9509,11.1,2,"Bijan Robinson, RB (ATL)"
2026,1331775106527006720,2,4,13317751065270067204,12527,10.3,3,"Ashton Jeanty, RB (LV)"
2026,1331775106527006720,2,4,13317751065270067204,12526,15.1,4,"Tetairoa McMillan, WR (CAR)"
2026,1331775106527006720,2,4,13317751065270067204,7525,27.7,5,"DeVonta Smith, WR (PHI)"
2026,1331775106527006720,2,4,13317751065270067204,10229,12.3,6,"Rashee Rice, WR (KC)"
2026,1331775106527006720,2,4,13317751065270067204,8130,18.1,7,"Trey McBride, TE (ARI)"
2026,1331775106527006720,2,4,13317751065270067204,11620,7.3,8,"Rome Odunze, WR (CHI)"
2026,1331775106527006720,2,4,13317751065270067204,8138,20.9,9,"James Cook, RB (BUF)"
2026,1331775106527006720,2,4,13317751065270067204,11786,7.0,10,"Cam Little, K (JAX)"
2026,1331775106527006720,2,4,13317751065270067204,PHI,6.0,11,"Philadelphia Eagles, DEF (PHI)"
2026,1331775106527006720,2,5,13317751065270067205,4892,12.18,1,"Baker Mayfield, QB (TB)"
2026,1331775106527006720,2,5,13317751065270067205,8150,14.7,2,"Kyren Williams, RB (LAR)"
2026,1331775106527006720,2,5,13317751065270067205,7588,8.0,3,"Javonte Williams, RB (DAL)"
2026,1331775106527006720,2,5,13317751065270067205,9493,0.0,4,"Puka Nacua, WR (LAR)"
2026,1331775106527006720,2,5,13317751065270067205,5927,7.0,5,"Terry McLaurin, WR (WAS)"
2026,1331775106527006720,2,5,13317751065270067205,4983,-0.1,6,"DJ Moore, WR (BUF)"
2026,1331775106527006720,2,5,13317751065270067205,4217,18.0,7,"George Kittle, TE (SF)"
2026,1331775106527006720,2,5,13317751065270067205,10222,1.4,8,"Jayden Reed, WR (GB)"
2026,1331775106527006720,2,5,13317751065270067205,9754,2.4,9,"Quentin Johnston, WR (LAC)"
2026,1331775106527006720,2,5,13317751065270067205,11539,7.0,10,"Jake Bates, K (DET)"
2026,1331775106527006720,2,5,13317751065270067205,LAR,12.0,11,"Los Angeles Rams, DEF (LAR)"
2026,1331775106527006720,2,6,13317751065270067206,4881,14.8,1,"Lamar Jackson, QB (BAL)"
2026,1331775106527006720,2,6,13317751065270067206,4866,3.0,2,"Saquon Barkley, RB (PHI)"
2026,1331775106527006720,2,6,13317751065270067206,3198,17.7,3,"Derrick Henry, RB (BAL)"
2026,1331775106527006720,2,6,13317751065270067206,5045,5.5,4,"Courtland Sutton, WR (DEN)"
2026,1331775106527006720,2,6,13317751065270067206,9756,4.1,5,"Jordan Addison, WR (MIN)"
2026,1331775106527006720,2,6,13317751065270067206,8137,10.0,6,"George Pickens, WR (DAL)"
2026,1331775106527006720,2,6,13317751065270067206,10859,17.2,7,"Sam LaPorta, TE (DET)"
2026,1331775106527006720,2,6,13317751065270067206,2505,18.3,8,"Darren Waller, TE (CAR)"
2026,1331775106527006720,2,6,13317751065270067206,5022,1.4,9,"Dallas Goedert, TE (PHI)"
2026,1331775106527006720,2,6,13317751065270067206,1945,4.0,10,"Chris Boswell, K (PIT)"
2026,1331775106527006720,2,6,13317751065270067206,BUF,3.0,11,"Buffalo Bills, DEF (BUF)"
2026,1331775106527006720,2,7,13317751065270067207,4046,28.98,1,"Patrick Mahomes, QB (KC)"
2026,1331775106527006720,2,7,13317751065270067207,4034,22.6,2,"Christian McCaffrey, RB (SF)"
2026,1331775106527006720,2,7,13317751065270067207,8155,14.2,3,"Breece Hall, RB (NYJ)"
2026,1331775106527006720,2,7,13317751065270067207,7564,26.5,4,"Ja'Marr Chase, WR (CIN)"
2026,1331775106527006720,2,7,13317751065270067207,5846,6.7,5,"DK Metcalf, WR (PIT)"
2026,1331775106527006720,2,7,13317751065270067207,7526,21.8,6,"Jaylen Waddle, WR (DEN)"
2026,1331775106527006720,2,7,13317751065270067207,12518,14.4,7,"Tyler Warren, TE (IND)"
2026,1331775106527006720,2,7,13317751065270067207,6786,35.3,8,"CeeDee Lamb, WR (DAL)"
2026,1331775106527006720,2,7,13317751065270067207,6813,29.2,9,"Jonathan Taylor, RB (IND)"
2026,1331775106527006720,2,7,13317751065270067207,4227,16.0,10,"Harrison Butker, K (KC)"
2026,1331775106527006720,2,7,13317751065270067207,KC,1.0,11,"Kansas City Chiefs, DEF (KC)"
2026,1331775106527006720,2,8,13317751065270067208,11564,8.02,1,"Drake Maye, QB (NE)"
2026,1331775106527006720,2,8,13317751065270067208,9221,23.3,2,"Jahmyr Gibbs, RB (DET)"
2026,1331775106527006720,2,8,13317751065270067208,13286,4.0,3,"Jadarian Price, RB (SEA)"
2026,1331775106527006720,2,8,13317751065270067208,8144,22.6,4,"Chris Olave, WR (NO)"
2026,1331775106527006720,2,8,13317751065270067208,12514,10.3,5,"Emeka Egbuka, WR (TB)"
2026,1331775106527006720,2,8,13317751065270067208,8167,14.1,6,"Christian Watson, WR (GB)"
2026,1331775106527006720,2,8,13317751065270067208,9484,2.5,7,"Tucker Kraft, TE (GB)"
2026,1331775106527006720,2,8,13317751065270067208,13279,5.7,8,"Carnell Tate, WR (TEN)"
2026,1331775106527006720,2,8,13317751065270067208,10232,3.8,9,"Michael Wilson, WR (ARI)"
2026,1331775106527006720,2,8,13317751065270067208,6650,16.0,10,"Chase McLaughlin, K (TB)"
2026,1331775106527006720,2,8,13317751065270067208,BAL,5.0,11,"Baltimore Ravens, DEF (BAL)"
2026,1331775106527006720,2,9,13317751065270067209,6797,4.88,1,"Justin Herbert, QB (LAC)"
2026,1331775106527006720,2,9,13317751065270067209,11584,13.0,2,"Bucky Irving, RB (TB)"
2026,1331775106527006720,2,9,13317751065270067209,12489,0.0,3,"RJ Harvey, RB (DEN)"
2026,1331775106527006720,2,9,13317751065270067209,13296,3.9,4,"Caleb Douglas, WR (MIA)"
2026,1331775106527006720,2,9,13317751065270067209,6271,1.3,5,"Olamide Zaccheaus, WR (ATL)"
2026,1331775106527006720,2,9,13317751065270067209,12485,5.9,6,"Tez Johnson, WR (TB)"
2026,1331775106527006720,2,9,13317751065270067209,7002,10.6,7,"Juwan Johnson, TE (NO)"
2026,1331775106527006720,2,9,13317751065270067209,12534,7.8,8,"Kyle Monangai, RB (CHI)"
2026,1331775106527006720,2,9,13317751065270067209,13330,3.7,9,"Kenyon Sadiq, TE (NYJ)"
2026,1331775106527006720,2,9,13317751065270067209,13545,8.0,10,"Trey Smack, K (GB)"
2026,1331775106527006720,2,9,13317751065270067209,GB,7.0,11,"Green Bay Packers, DEF (GB)"
2026,1331775170712444928,2,1,13317751707124449281,6904,16.16,1,"Jalen Hurts, QB (PHI)"
2026,1331775170712444928,2,1,13317751707124449281,4866,3.0,2,"Saquon Barkley, RB (PHI)"
2026,1331775170712444928,2,1,13317751707124449281,13414,2.5,3,"Kaelon Black, RB (SF)"
2026,1331775170712444928,2,1,13317751707124449281,11646,14.6,4,"Jalen Coker, WR (CAR)"
2026,1331775170712444928,2,1,13317751707124449281,5045,5.5,5,"Courtland Sutton, WR (DEN)"
2026,1331775170712444928,2,1,13317751707124449281,5846,6.7,6,"DK Metcalf, WR (PIT)"
2026,1331775170712444928,2,1,13317751707124449281,7553,2.5,7,"Kyle Pitts, TE (ATL)"
2026,1331775170712444928,2,1,13317751707124449281,9487,15.8,8,"Parker Washington, WR (JAX)"
2026,1331775170712444928,2,1,13317751707124449281,8134,6.8,9,"Khalil Shakir, WR (BUF)"
2026,1331775170712444928,2,1,13317751707124449281,3451,6.0,10,"Ka'imi Fairbairn, K (HOU)"
2026,1331775170712444928,2,1,13317751707124449281,HOU,8.0,11,"Houston Texans, DEF (HOU)"
2026,1331775170712444928,2,10,133177517071244492810,12508,0.8,1,"Jaxson Dart, QB (NYG)"
2026,1331775170712444928,2,10,133177517071244492810,9509,11.1,2,"Bijan Robinson, RB (ATL)"
2026,1331775170712444928,2,10,133177517071244492810,8151,23.8,3,"Kenneth Walker, RB (KC)"
2026,1331775170712444928,2,10,133177517071244492810,11620,7.3,4,"Rome Odunze, WR (CHI)"
2026,1331775170712444928,2,10,133177517071244492810,8167,14.1,5,"Christian Watson, WR (GB)"
2026,1331775170712444928,2,10,133177517071244492810,11631,7.0,6,"Brian Thomas, WR (JAX)"
2026,1331775170712444928,2,10,133177517071244492810,8130,18.1,7,"Trey McBride, TE (ARI)"
2026,1331775170712444928,2,10,133177517071244492810,7588,8.0,8,"Javonte Williams, RB (DAL)"
2026,1331775170712444928,2,10,133177517071244492810,12529,13.6,9,"TreVeyon Henderson, RB (NE)"
2026,1331775170712444928,2,10,133177517071244492810,12015,3.0,10,"Harrison Mevis, K (LAR)"
2026,1331775170712444928,2,10,133177517071244492810,NYJ,13.0,11,"New York Jets, DEF (NYJ)"
2026,1331775170712444928,2,11,133177517071244492811,12522,20.02,1,"Cam Ward, QB (TEN)"
2026,1331775170712444928,2,11,133177517071244492811,11586,9.2,2,"Blake Corum, RB (LAR)"
2026,1331775170712444928,2,11,133177517071244492811,11584,13.0,3,"Bucky Irving, RB (TB)"
2026,1331775170712444928,2,11,133177517071244492811,8137,10.0,4,"George Pickens, WR (DAL)"
2026,1331775170712444928,2,11,133177517071244492811,11632,1.1,5,"Malik Nabers, WR (NYG)"
2026,1331775170712444928,2,11,133177517071244492811,9486,12.4,6,"Dontayvion Wicks, WR (PHI)"
2026,1331775170712444928,2,11,133177517071244492811,11597,0.0,7,"Theo Johnson, TE (NYG)"
2026,1331775170712444928,2,11,133177517071244492811,12533,5.8,8,"Jacory Croskey-Merritt, RB (WAS)"
2026,1331775170712444928,2,11,133177517071244492811,8228,9.7,9,"Jaylen Warren, RB (PIT)"
2026,1331775170712444928,2,11,133177517071244492811,2020,4.0,10,"Cairo Santos, K (CHI)"
2026,1331775170712444928,2,11,133177517071244492811,DET,-4.0,11,"Detroit Lions, DEF (DET)"
2026,1331775170712444928,2,12,133177517071244492812,11566,13.74,1,"Jayden Daniels, QB (WAS)"
2026,1331775170712444928,2,12,133177517071244492812,12507,16.5,2,"Omarion Hampton, RB (LAC)"
2026,1331775170712444928,2,12,133177517071244492812,6806,3.6,3,"J.K. Dobbins, RB (DEN)"
2026,1331775170712444928,2,12,133177517071244492812,9488,42.5,4,"Jaxon Smith-Njigba, WR (SEA)"
2026,1331775170712444928,2,12,133177517071244492812,7569,0.0,5,"Nico Collins, WR (HOU)"
2026,1331775170712444928,2,12,133177517071244492812,6801,14.5,6,"Tee Higgins, WR (CIN)"
2026,1331775170712444928,2,12,133177517071244492812,5022,1.4,7,"Dallas Goedert, TE (PHI)"
2026,1331775170712444928,2,12,133177517071244492812,12519,6.2,8,"Luther Burden, WR (CHI)"
2026,1331775170712444928,2,12,133177517071244492812,8148,5.3,9,"Jameson Williams, WR (DET)"
2026,1331775170712444928,2,12,133177517071244492812,5272,0.0,10,
2026,1331775170712444928,2,12,133177517071244492812,DAL,4.0,11,"Dallas Cowboys, DEF (DAL)"
2026,1331775170712444928,2,2,13317751707124449282,4984,39.82,1,"Josh Allen, QB (BUF)"
2026,1331775170712444928,2,2,13317751707124449282,4034,22.6,2,"Christian McCaffrey, RB (SF)"
2026,1331775170712444928,2,2,13317751707124449282,7567,4.5,3,"Kenny Gainwell, RB (TB)"
2026,1331775170712444928,2,2,13317751707124449282,6794,8.5,4,"Justin Jefferson, WR (MIN)"
2026,1331775170712444928,2,2,13317751707124449282,8146,16.7,5,"Garrett Wilson, WR (NYJ)"
2026,1331775170712444928,2,2,13317751707124449282,7526,21.8,6,"Jaylen Waddle, WR (DEN)"
2026,1331775170712444928,2,2,13317751707124449282,12517,1.3,7,"Colston Loveland, TE (CHI)"
2026,1331775170712444928,2,2,13317751707124449282,2133,39.5,8,"Davante Adams, WR (LAR)"
2026,1331775170712444928,2,2,13317751707124449282,5872,6.5,9,"Deebo Samuel, WR (SF)"
2026,1331775170712444928,2,2,13317751707124449282,3678,9.0,10,"Wil Lutz, K (DEN)"
2026,1331775170712444928,2,2,13317751707124449282,LV,16.0,11,"Las Vegas Raiders, DEF (LV)"
2026,1331775170712444928,2,3,13317751707124449283,4881,14.8,1,"Lamar Jackson, QB (BAL)"
2026,1331775170712444928,2,3,13317751707124449283,12534,7.8,2,"Kyle Monangai, RB (CHI)"
2026,1331775170712444928,2,3,13317751707124449283,11576,8.5,3,"Braelon Allen, RB (NYJ)"
2026,1331775170712444928,2,3,13317751707124449283,8112,8.9,4,"Drake London, WR (ATL)"
2026,1331775170712444928,2,3,13317751707124449283,11626,8.4,5,"Xavier Legette, WR (CAR)"
2026,1331775170712444928,2,3,13317751707124449283,9997,0.0,6,"Zay Flowers, WR (BAL)"
2026,1331775170712444928,2,3,13317751707124449283,12518,14.4,7,"Tyler Warren, TE (IND)"
2026,1331775170712444928,2,3,13317751707124449283,12506,10.4,8,"Harold Fannin, TE (CLE)"
2026,1331775170712444928,2,3,13317751707124449283,8154,8.7,9,"Brian Robinson, RB (ATL)"
2026,1331775170712444928,2,3,13317751707124449283,4227,16.0,10,"Harrison Butker, K (KC)"
2026,1331775170712444928,2,3,13317751707124449283,SEA,10.0,11,"Seattle Seahawks, DEF (SEA)"
2026,1331775170712444928,2,4,13317751707124449284,4046,28.98,1,"Patrick Mahomes, QB (KC)"
2026,1331775170712444928,2,4,13317751707124449284,3198,17.7,2,"Derrick Henry, RB (BAL)"
2026,1331775170712444928,2,4,13317751707124449284,12527,10.3,3,"Ashton Jeanty, RB (LV)"
2026,1331775170712444928,2,4,13317751707124449284,6786,35.3,4,"CeeDee Lamb, WR (DAL)"
2026,1331775170712444928,2,4,13317751707124449284,5927,7.0,5,"Terry McLaurin, WR (WAS)"
2026,1331775170712444928,2,4,13317751707124449284,4983,-0.1,6,"DJ Moore, WR (BUF)"
2026,1331775170712444928,2,4,13317751707124449284,4217,18.0,7,"George Kittle, TE (SF)"
2026,1331775170712444928,2,4,13317751707124449284,8150,14.7,8,"Kyren Williams, RB (LAR)"
2026,1331775170712444928,2,4,13317751707124449284,7611,2.6,9,"Rhamondre Stevenson, RB (NE)"
2026,1331775170712444928,2,4,13317751707124449284,11533,16.0,10,"Brandon Aubrey, K (DAL)"
2026,1331775170712444928,2,4,13317751707124449284,PIT,10.0,11,"Pittsburgh Steelers, DEF (PIT)"
2026,1331775170712444928,2,5,13317751707124449285,11563,14.12,1,"Bo Nix, QB (DEN)"
2026,1331775170712444928,2,5,13317751707124449285,8138,20.9,2,"James Cook, RB (BUF)"
2026,1331775170712444928,2,5,13317751707124449285,9224,11.2,3,"Chase Brown, RB (CIN)"
2026,1331775170712444928,2,5,13317751707124449285,2216,8.4,4,"Mike Evans, WR (SF)"
2026,1331775170712444928,2,5,13317751707124449285,8126,1.9,5,"Wan'Dale Robinson, WR (TEN)"
2026,1331775170712444928,2,5,13317751707124449285,8188,12.6,6,"Tyquan Thornton, WR (KC)"
2026,1331775170712444928,2,5,13317751707124449285,5012,10.9,7,"Mark Andrews, TE (BAL)"
2026,1331775170712444928,2,5,13317751707124449285,12512,9.8,8,"Quinshon Judkins, RB (CLE)"
2026,1331775170712444928,2,5,13317751707124449285,4199,10.5,9,"Aaron Jones, RB (MIN)"
2026,1331775170712444928,2,5,13317751707124449285,2747,7.0,10,"Jason Myers, K (SEA)"
2026,1331775170712444928,2,5,13317751707124449285,ARI,3.0,11,"Arizona Cardinals, DEF (ARI)"
2026,1331775170712444928,2,6,13317751707124449286,3163,27.78,1,"Jared Goff, QB (DET)"
2026,1331775170712444928,2,6,13317751707124449286,6813,29.2,2,"Jonathan Taylor, RB (IND)"
2026,1331775170712444928,2,6,13317751707124449286,9226,12.3,3,"De'Von Achane, RB (MIA)"
2026,1331775170712444928,2,6,13317751707124449286,7564,26.5,4,"Ja'Marr Chase, WR (CIN)"
2026,1331775170712444928,2,6,13317751707124449286,7547,35.2,5,"Amon-Ra St. Brown, WR (DET)"
2026,1331775170712444928,2,6,13317751707124449286,10229,12.3,6,"Rashee Rice, WR (KC)"
2026,1331775170712444928,2,6,13317751707124449286,1466,25.1,7,"Travis Kelce, TE (KC)"
2026,1331775170712444928,2,6,13317751707124449286,8144,22.6,8,"Chris Olave, WR (NO)"
2026,1331775170712444928,2,6,13317751707124449286,7525,27.7,9,"DeVonta Smith, WR (PHI)"
2026,1331775170712444928,2,6,13317751707124449286,11539,7.0,10,"Jake Bates, K (DET)"
2026,1331775170712444928,2,6,13317751707124449286,BAL,5.0,11,"Baltimore Ravens, DEF (BAL)"
2026,1331775170712444928,2,7,13317751707124449287,6770,16.18,1,"Joe Burrow, QB (CIN)"
2026,1331775170712444928,2,7,13317751707124449287,13287,7.5,2,"Jeremiyah Love, RB (ARI)"
2026,1331775170712444928,2,7,13317751707124449287,8155,14.2,3,"Breece Hall, RB (NYJ)"
2026,1331775170712444928,2,7,13317751707124449287,11625,12.3,4,"Adonai Mitchell, WR (NYJ)"
2026,1331775170712444928,2,7,13317751707124449287,11624,13.5,5,"Xavier Worthy, WR (KC)"
2026,1331775170712444928,2,7,13317751707124449287,1479,1.5,6,"Keenan Allen, WR (IND)"
2026,1331775170712444928,2,7,13317751707124449287,10859,17.2,7,"Sam LaPorta, TE (DET)"
2026,1331775170712444928,2,7,13317751707124449287,6790,11.9,8,"D'Andre Swift, RB (CHI)"
2026,1331775170712444928,2,7,13317751707124449287,8131,8.3,9,"Isaiah Likely, TE (NYG)"
2026,1331775170712444928,2,7,13317751707124449287,1945,4.0,10,"Chris Boswell, K (PIT)"
2026,1331775170712444928,2,7,13317751707124449287,LAC,5.0,11,"Los Angeles Chargers, DEF (LAC)"
2026,1331775170712444928,2,8,13317751707124449288,11564,8.02,1,"Drake Maye, QB (NE)"
2026,1331775170712444928,2,8,13317751707124449288,9221,23.3,2,"Jahmyr Gibbs, RB (DET)"
2026,1331775170712444928,2,8,13317751707124449288,7543,7.1,3,"Travis Etienne, RB (NO)"
2026,1331775170712444928,2,8,13317751707124449288,13296,3.9,4,"Caleb Douglas, WR (MIA)"
2026,1331775170712444928,2,8,13317751707124449288,12526,15.1,5,"Tetairoa McMillan, WR (CAR)"
2026,1331775170712444928,2,8,13317751707124449288,2449,21.7,6,"Stefon Diggs, WR (WAS)"
2026,1331775170712444928,2,8,13317751707124449288,4033,1.9,7,"David Njoku, TE (LAC)"
2026,1331775170712444928,2,8,13317751707124449288,12490,14.2,8,"Bhayshul Tuten, RB (JAX)"
2026,1331775170712444928,2,8,13317751707124449288,13286,4.0,9,"Jadarian Price, RB (SEA)"
2026,1331775170712444928,2,8,13317751707124449288,11786,7.0,10,"Cam Little, K (JAX)"
2026,1331775170712444928,2,8,13317751707124449288,MIN,17.0,11,"Minnesota Vikings, DEF (MIN)"
2026,1331775170712444928,2,9,13317751707124449289,11560,6.72,1,"Caleb Williams, QB (CHI)"
2026,1331775170712444928,2,9,13317751707124449289,12481,8.5,2,"Cam Skattebo, RB (NYG)"
2026,1331775170712444928,2,9,13317751707124449289,11583,2.1,3,"Jonathon Brooks, RB (CAR)"
2026,1331775170712444928,2,9,13317751707124449289,11635,6.5,4,"Ladd McConkey, WR (LAC)"
2026,1331775170712444928,2,9,13317751707124449289,11834,11.4,5,"Devaughn Vele, WR (NO)"
2026,1331775170712444928,2,9,13317751707124449289,10213,22.9,6,"Tre Tucker, WR (LV)"
2026,1331775170712444928,2,9,13317751707124449289,9484,2.5,7,"Tucker Kraft, TE (GB)"
2026,1331775170712444928,2,9,13317751707124449289,12493,9.8,8,"Oronde Gadsden, TE (LAC)"
2026,1331775170712444928,2,9,13317751707124449289,12487,17.4,9,"Terrance Ferguson, TE (LAR)"
2026,1331775170712444928,2,9,13317751707124449289,12961,10.0,10,"Ryan Fitzgerald, K (CAR)"
2026,1331775170712444928,2,9,13317751707124449289,DEN,9.0,11,"Denver Broncos, DEF (DEN)"
2026,1331775206619885568,2,1,13317752066198855681,8161,12.48,1,"Malik Willis, QB (MIA)"
2026,1331775206619885568,2,1,13317752066198855681,7611,2.6,2,"Rhamondre Stevenson, RB (NE)"
2026,1331775206619885568,2,1,13317752066198855681,8138,20.9,3,"James Cook, RB (BUF)"
2026,1331775206619885568,2,1,13317752066198855681,8112,8.9,4,"Drake London, WR (ATL)"
2026,1331775206619885568,2,1,13317752066198855681,8144,22.6,5,"Chris Olave, WR (NO)"
2026,1331775206619885568,2,1,13317752066198855681,4983,-0.1,6,"DJ Moore, WR (BUF)"
2026,1331775206619885568,2,1,13317752066198855681,8172,3.7,7,"Greg Dulcich, TE (MIA)"
2026,1331775206619885568,2,1,13317752066198855681,13286,4.0,8,"Jadarian Price, RB (SEA)"
2026,1331775206619885568,2,1,13317752066198855681,5947,3.8,9,"Jakobi Meyers, WR (JAX)"
2026,1331775206619885568,2,1,13317752066198855681,12185,14.0,10,"Spencer Shrader, K (IND)"
2026,1331775206619885568,2,1,13317752066198855681,CLE,7.0,11,"Cleveland Browns, DEF (CLE)"
2026,1331775206619885568,2,10,133177520661988556810,11560,6.72,1,"Caleb Williams, QB (CHI)"
2026,1331775206619885568,2,10,133177520661988556810,3198,17.7,2,"Derrick Henry, RB (BAL)"
2026,1331775206619885568,2,10,133177520661988556810,7588,8.0,3,"Javonte Williams, RB (DAL)"
2026,1331775206619885568,2,10,133177520661988556810,7525,27.7,4,"DeVonta Smith, WR (PHI)"
2026,1331775206619885568,2,10,133177520661988556810,4037,8.8,5,"Chris Godwin, WR (TB)"
2026,1331775206619885568,2,10,133177520661988556810,12484,0.0,6,"Jayden Higgins, WR (HOU)"
2026,1331775206619885568,2,10,133177520661988556810,12506,10.4,7,"Harold Fannin, TE (CLE)"
2026,1331775206619885568,2,10,133177520661988556810,7021,6.4,8,"Rico Dowdle, RB (PIT)"
2026,1331775206619885568,2,10,133177520661988556810,12493,9.8,9,"Oronde Gadsden, TE (LAC)"
2026,1331775206619885568,2,10,133177520661988556810,11792,10.0,10,"Will Reichard, K (MIN)"
2026,1331775206619885568,2,10,133177520661988556810,CHI,8.0,11,"Chicago Bears, DEF (CHI)"
2026,1331775206619885568,2,11,133177520661988556811,4046,28.98,1,"Patrick Mahomes, QB (KC)"
2026,1331775206619885568,2,11,133177520661988556811,12507,16.5,2,"Omarion Hampton, RB (LAC)"
2026,1331775206619885568,2,11,133177520661988556811,13287,7.5,3,"Jeremiyah Love, RB (ARI)"
2026,1331775206619885568,2,11,133177520661988556811,12519,6.2,4,"Luther Burden, WR (CHI)"
2026,1331775206619885568,2,11,133177520661988556811,7526,21.8,5,"Jaylen Waddle, WR (DEN)"
2026,1331775206619885568,2,11,133177520661988556811,2216,8.4,6,"Mike Evans, WR (SF)"
2026,1331775206619885568,2,11,133177520661988556811,9480,3.7,7,"Brenton Strange, TE (JAX)"
2026,1331775206619885568,2,11,133177520661988556811,5846,6.7,8,"DK Metcalf, WR (PIT)"
2026,1331775206619885568,2,11,133177520661988556811,11628,0.0,9,"Marvin Harrison, WR (ARI)"
2026,1331775206619885568,2,11,133177520661988556811,4227,16.0,10,"Harrison Butker, K (KC)"
2026,1331775206619885568,2,11,133177520661988556811,LV,16.0,11,"Las Vegas Raiders, DEF (LV)"
2026,1331775206619885568,2,12,133177520661988556812,4984,39.82,1,"Josh Allen, QB (BUF)"
2026,1331775206619885568,2,12,133177520661988556812,8155,14.2,2,"Breece Hall, RB (NYJ)"
2026,1331775206619885568,2,12,133177520661988556812,8150,14.7,3,"Kyren Williams, RB (LAR)"
2026,1331775206619885568,2,12,133177520661988556812,9500,14.2,4,"Josh Downs, WR (IND)"
2026,1331775206619885568,2,12,133177520661988556812,12514,10.3,5,"Emeka Egbuka, WR (TB)"
2026,1331775206619885568,2,12,133177520661988556812,5045,5.5,6,"Courtland Sutton, WR (DEN)"
2026,1331775206619885568,2,12,133177520661988556812,10236,22.5,7,"Dalton Kincaid, TE (BUF)"
2026,1331775206619885568,2,12,133177520661988556812,8228,9.7,8,"Jaylen Warren, RB (PIT)"
2026,1331775206619885568,2,12,133177520661988556812,8131,8.3,9,"Isaiah Likely, TE (NYG)"
2026,1331775206619885568,2,12,133177520661988556812,4195,8.0,10,"Jake Elliott, K (PHI)"
2026,1331775206619885568,2,12,133177520661988556812,LAC,5.0,11,"Los Angeles Chargers, DEF (LAC)"
2026,1331775206619885568,2,2,13317752066198855682,4892,12.18,1,"Baker Mayfield, QB (TB)"
2026,1331775206619885568,2,2,13317752066198855682,12527,10.3,2,"Ashton Jeanty, RB (LV)"
2026,1331775206619885568,2,2,13317752066198855682,11584,13.0,3,"Bucky Irving, RB (TB)"
2026,1331775206619885568,2,2,13317752066198855682,13413,0.0,4,"Cyrus Allen, WR (KC)"
2026,1331775206619885568,2,2,13317752066198855682,6271,1.3,5,"Olamide Zaccheaus, WR (ATL)"
2026,1331775206619885568,2,2,13317752066198855682,13301,5.4,6,"Antonio Williams, WR (WAS)"
2026,1331775206619885568,2,2,13317752066198855682,12517,1.3,7,"Colston Loveland, TE (CHI)"
2026,1331775206619885568,2,2,13317752066198855682,4144,0.0,8,"Jonnu Smith, TE (GB)"
2026,1331775206619885568,2,2,13317752066198855682,8225,0.0,9,"Daniel Bellinger, TE (TEN)"
2026,1331775206619885568,2,2,13317752066198855682,3451,6.0,10,"Ka'imi Fairbairn, K (HOU)"
2026,1331775206619885568,2,2,13317752066198855682,DEN,9.0,11,"Denver Broncos, DEF (DEN)"
2026,1331775206619885568,2,3,13317752066198855683,11566,13.74,1,"Jayden Daniels, QB (WAS)"
2026,1331775206619885568,2,3,13317752066198855683,7594,14.4,2,"Chuba Hubbard, RB (CAR)"
2026,1331775206619885568,2,3,13317752066198855683,8132,3.9,3,"Tyler Allgeier, RB (ARI)"
2026,1331775206619885568,2,3,13317752066198855683,6786,35.3,4,"CeeDee Lamb, WR (DAL)"
2026,1331775206619885568,2,3,13317752066198855683,8167,14.1,5,"Christian Watson, WR (GB)"
2026,1331775206619885568,2,3,13317752066198855683,9756,4.1,6,"Jordan Addison, WR (MIN)"
2026,1331775206619885568,2,3,13317752066198855683,5022,1.4,7,"Dallas Goedert, TE (PHI)"
2026,1331775206619885568,2,3,13317752066198855683,5012,10.9,8,"Mark Andrews, TE (BAL)"
2026,1331775206619885568,2,3,13317752066198855683,5001,26.0,9,"Dalton Schultz, TE (HOU)"
2026,1331775206619885568,2,3,13317752066198855683,10955,1.0,10,"Chad Ryland, K (ARI)"
2026,1331775206619885568,2,3,13317752066198855683,HOU,8.0,11,"Houston Texans, DEF (HOU)"
2026,1331775206619885568,2,4,13317752066198855684,3163,27.78,1,"Jared Goff, QB (DET)"
2026,1331775206619885568,2,4,13317752066198855684,4866,3.0,2,"Saquon Barkley, RB (PHI)"
2026,1331775206619885568,2,4,13317752066198855684,5892,4.4,3,"David Montgomery, RB (HOU)"
2026,1331775206619885568,2,4,13317752066198855684,9488,42.5,4,"Jaxon Smith-Njigba, WR (SEA)"
2026,1331775206619885568,2,4,13317752066198855684,10229,12.3,5,"Rashee Rice, WR (KC)"
2026,1331775206619885568,2,4,13317752066198855684,5872,6.5,6,"Deebo Samuel, WR (SF)"
2026,1331775206619885568,2,4,13317752066198855684,5844,5.9,7,"T.J. Hockenson, TE (MIN)"
2026,1331775206619885568,2,4,13317752066198855684,6790,11.9,8,"D'Andre Swift, RB (CHI)"
2026,1331775206619885568,2,4,13317752066198855684,12533,5.8,9,"Jacory Croskey-Merritt, RB (WAS)"
2026,1331775206619885568,2,4,13317752066198855684,2747,7.0,10,"Jason Myers, K (SEA)"
2026,1331775206619885568,2,4,13317752066198855684,SEA,10.0,11,"Seattle Seahawks, DEF (SEA)"
2026,1331775206619885568,2,5,13317752066198855685,6804,12.8,1,"Jordan Love, QB (GB)"
2026,1331775206619885568,2,5,13317752066198855685,9224,11.2,2,"Chase Brown, RB (CIN)"
2026,1331775206619885568,2,5,13317752066198855685,12490,14.2,3,"Bhayshul Tuten, RB (JAX)"
2026,1331775206619885568,2,5,13317752066198855685,13298,8.2,4,"KC Concepcion, WR (CLE)"
2026,1331775206619885568,2,5,13317752066198855685,12526,15.1,5,"Tetairoa McMillan, WR (CAR)"
2026,1331775206619885568,2,5,13317752066198855685,11620,7.3,6,"Rome Odunze, WR (CHI)"
2026,1331775206619885568,2,5,13317752066198855685,7002,10.6,7,"Juwan Johnson, TE (NO)"
2026,1331775206619885568,2,5,13317752066198855685,13296,3.9,8,"Caleb Douglas, WR (MIA)"
2026,1331775206619885568,2,5,13317752066198855685,9487,15.8,9,"Parker Washington, WR (JAX)"
2026,1331775206619885568,2,5,13317752066198855685,11539,7.0,10,"Jake Bates, K (DET)"
2026,1331775206619885568,2,5,13317752066198855685,LAR,12.0,11,"Los Angeles Rams, DEF (LAR)"
2026,1331775206619885568,2,6,13317752066198855686,6770,16.18,1,"Joe Burrow, QB (CIN)"
2026,1331775206619885568,2,6,13317752066198855686,6813,29.2,2,"Jonathan Taylor, RB (IND)"
2026,1331775206619885568,2,6,13317752066198855686,12512,9.8,3,"Quinshon Judkins, RB (CLE)"
2026,1331775206619885568,2,6,13317752066198855686,7564,26.5,4,"Ja'Marr Chase, WR (CIN)"
2026,1331775206619885568,2,6,13317752066198855686,8146,16.7,5,"Garrett Wilson, WR (NYJ)"
2026,1331775206619885568,2,6,13317752066198855686,8137,10.0,6,"George Pickens, WR (DAL)"
2026,1331775206619885568,2,6,13317752066198855686,8111,7.8,7,"Cade Otton, TE (TB)"
2026,1331775206619885568,2,6,13317752066198855686,11834,11.4,8,"Devaughn Vele, WR (NO)"
2026,1331775206619885568,2,6,13317752066198855686,10222,1.4,9,"Jayden Reed, WR (GB)"
2026,1331775206619885568,2,6,13317752066198855686,11533,16.0,10,"Brandon Aubrey, K (DAL)"
2026,1331775206619885568,2,6,13317752066198855686,TB,4.0,11,"Tampa Bay Buccaneers, DEF (TB)"
2026,1331775206619885568,2,7,13317752066198855687,12508,0.8,1,"Jaxson Dart, QB (NYG)"
2026,1331775206619885568,2,7,13317752066198855687,9509,11.1,2,"Bijan Robinson, RB (ATL)"
2026,1331775206619885568,2,7,13317752066198855687,9221,23.3,3,"Jahmyr Gibbs, RB (DET)"
2026,1331775206619885568,2,7,13317752066198855687,7547,35.2,4,"Amon-Ra St. Brown, WR (DET)"
2026,1331775206619885568,2,7,13317752066198855687,6794,8.5,5,"Justin Jefferson, WR (MIN)"
2026,1331775206619885568,2,7,13317752066198855687,6801,14.5,6,"Tee Higgins, WR (CIN)"
2026,1331775206619885568,2,7,13317752066198855687,9484,2.5,7,"Tucker Kraft, TE (GB)"
2026,1331775206619885568,2,7,13317752066198855687,9226,12.3,8,"De'Von Achane, RB (MIA)"
2026,1331775206619885568,2,7,13317752066198855687,11632,1.1,9,"Malik Nabers, WR (NYG)"
2026,1331775206619885568,2,7,13317752066198855687,7042,5.0,10,"Tyler Bass, K (BUF)"
2026,1331775206619885568,2,7,13317752066198855687,IND,-5.0,11,"Indianapolis Colts, DEF (IND)"
2026,1331775206619885568,2,8,13317752066198855688,7523,6.16,1,"Trevor Lawrence, QB (JAX)"
2026,1331775206619885568,2,8,13317752066198855688,4034,22.6,2,"Christian McCaffrey, RB (SF)"
2026,1331775206619885568,2,8,13317752066198855688,8136,14.3,3,"Rachaad White, RB (WAS)"
2026,1331775206619885568,2,8,13317752066198855688,11635,6.5,4,"Ladd McConkey, WR (LAC)"
2026,1331775206619885568,2,8,13317752066198855688,8148,5.3,5,"Jameson Williams, WR (DET)"
2026,1331775206619885568,2,8,13317752066198855688,13294,1.9,6,"Makai Lemon, WR (PHI)"
2026,1331775206619885568,2,8,13317752066198855688,12518,14.4,7,"Tyler Warren, TE (IND)"
2026,1331775206619885568,2,8,13317752066198855688,1466,25.1,8,"Travis Kelce, TE (KC)"
2026,1331775206619885568,2,8,13317752066198855688,12501,9.8,9,"Matthew Golden, WR (GB)"
2026,1331775206619885568,2,8,13317752066198855688,6650,16.0,10,"Chase McLaughlin, K (TB)"
2026,1331775206619885568,2,8,13317752066198855688,PIT,10.0,11,"Pittsburgh Steelers, DEF (PIT)"
2026,1331775206619885568,2,9,13317752066198855689,12545,21.38,1,"Tyler Shough, QB (NO)"
2026,1331775206619885568,2,9,13317752066198855689,8151,23.8,2,"Kenneth Walker, RB (KC)"
2026,1331775206619885568,2,9,13317752066198855689,12481,8.5,3,"Cam Skattebo, RB (NYG)"
2026,1331775206619885568,2,9,13317752066198855689,9997,0.0,4,"Zay Flowers, WR (BAL)"
2026,1331775206619885568,2,9,13317752066198855689,5927,7.0,5,"Terry McLaurin, WR (WAS)"
2026,1331775206619885568,2,9,13317752066198855689,13279,5.7,6,"Carnell Tate, WR (TEN)"
2026,1331775206619885568,2,9,13317752066198855689,8130,18.1,7,"Trey McBride, TE (ARI)"
2026,1331775206619885568,2,9,13317752066198855689,10859,17.2,8,"Sam LaPorta, TE (DET)"
2026,1331775206619885568,2,9,13317752066198855689,9754,2.4,9,"Quentin Johnston, WR (LAC)"
2026,1331775206619885568,2,9,13317752066198855689,6528,8.0,10,"Joey Slye, K (TEN)"
2026,1331775206619885568,2,9,13317752066198855689,BAL,5.0,11,"Baltimore Ravens, DEF (BAL)"
